learner,persona,skill_gaps,learning_readiness_score,readiness_band,recommended_roadmap,estimated_completion_weeks,career_goal,career_readiness_score
MHxPC130020526,At-Risk Learner,"['Computer Science', 'Biology', 'Chemistry']",0.0,Needs Foundation Support,HarvardX/CS50x/2012 -> MITx/6.00x/2012_Fall -> MITx/6.00x/2013_Spring -> MITx/7.00x/2013_Spring -> MITx/3.091x/2012_Fall -> Capstone Project & Certification Milestone,24,Software Engineer,15.0
MHxPC130290143,Casual Explorer,"['Public Health', 'Biology', 'Chemistry']",0.0,Needs Foundation Support,HarvardX/PH278x/2013_Spring -> MITx/7.00x/2013_Spring -> MITx/3.091x/2012_Fall -> MITx/3.091x/2013_Spring -> Capstone Project & Certification Milestone,20,Public Health Analyst,10.0
MHxPC130378643,At-Risk Learner,"['Public Health', 'Biology', 'Chemistry']",0.0,Needs Foundation Support,HarvardX/PH278x/2013_Spring -> MITx/7.00x/2013_Spring -> MITx/3.091x/2012_Fall -> MITx/3.091x/2013_Spring -> Capstone Project & Certification Milestone,20,Public Health Analyst,10.0
MHxPC130258775,At-Risk Learner,"['Statistics & Public Health', 'Biology', 'Chemistry']",0.0,Needs Foundation Support,HarvardX/PH207x/2012_Fall -> MITx/7.00x/2013_Spring -> MITx/3.091x/2012_Fall -> MITx/3.091x/2013_Spring -> Capstone Project & Certification Milestone,20,Data Scientist,10.0
MHxPC130028120,Steady Progressor,"['Engineering', 'Biology', 'Physics']",0.0,Needs Foundation Support,MITx/6.002x/2012_Fall -> MITx/6.002x/2013_Spring -> MITx/2.01x/2013_Spring -> MITx/7.00x/2013_Spring -> MITx/8.MReV/2013_Summer -> Capstone Project & Certification Milestone,24,Research Scientist,22.5
MHxPC130231326,At-Risk Learner,"['Statistics & Public Health', 'Biology', 'Chemistry']",0.0,Needs Foundation Support,HarvardX/PH207x/2012_Fall -> MITx/7.00x/2013_Spring -> MITx/3.091x/2012_Fall -> MITx/3.091x/2013_Spring -> Capstone Project & Certification Milestone,20,Data Scientist,10.0
MHxPC130429283,At-Risk Learner,"['Computer Science', 'Biology', 'Chemistry']",0.0,Needs Foundation Support,HarvardX/CS50x/2012 -> MITx/6.00x/2012_Fall -> MITx/6.00x/2013_Spring -> MITx/7.00x/2013_Spring -> MITx/3.091x/2012_Fall -> Capstone Project & Certification Milestone,24,Software Engineer,15.0
MHxPC130154584,At-Risk Learner,"['Computer Science', 'Biology', 'Chemistry']",0.0,Needs Foundation Support,HarvardX/CS50x/2012 -> MITx/6.00x/2012_Fall -> MITx/6.00x/2013_Spring -> MITx/7.00x/2013_Spring -> MITx/3.091x/2012_Fall -> Capstone Project & Certification Milestone,24,Software Engineer,15.0
MHxPC130347331,At-Risk Learner,"['Computer Science', 'Biology', 'Chemistry']",0.0,Needs Foundation Support,HarvardX/CS50x/2012 -> MITx/6.00x/2012_Fall -> MITx/6.00x/2013_Spring -> MITx/7.00x/2013_Spring -> MITx/3.091x/2012_Fall -> Capstone Project & Certification Milestone,24,Software Engineer,15.0
MHxPC130035617,At-Risk Learner,"['Computer Science', 'Biology', 'Chemistry']",0.0,Needs Foundation Support,HarvardX/CS50x/2012 -> MITx/6.00x/2012_Fall -> MITx/6.00x/2013_Spring -> MITx/7.00x/2013_Spring -> MITx/3.091x/2012_Fall -> Capstone Project & Certification Milestone,24,Software Engineer,15.0
MHxPC130186734,At-Risk Learner,"['Computer Science', 'Biology', 'Chemistry']",0.0,Needs Foundation Support,HarvardX/CS50x/2012 -> MITx/6.00x/2012_Fall -> MITx/6.00x/2013_Spring -> MITx/7.00x/2013_Spring -> MITx/3.091x/2012_Fall -> Capstone Project & Certification Milestone,24,Software Engineer,15.0
MHxPC130447047,At-Risk Learner,"['Biology', 'Public Health', 'Chemistry']",0.0,Needs Foundation Support,MITx/7.00x/2013_Spring -> HarvardX/PH278x/2013_Spring -> MITx/3.091x/2012_Fall -> MITx/3.091x/2013_Spring -> Capstone Project & Certification Milestone,20,Public Health Analyst,20.0
MHxPC130368351,At-Risk Learner,"['Computer Science', 'Biology', 'Chemistry']",0.0,Needs Foundation Support,HarvardX/CS50x/2012 -> MITx/6.00x/2012_Fall -> MITx/6.00x/2013_Spring -> MITx/7.00x/2013_Spring -> MITx/3.091x/2012_Fall -> Capstone Project & Certification Milestone,24,Software Engineer,15.0
MHxPC130027090,At-Risk Learner,"['Computer Science', 'Biology', 'Chemistry']",0.0,Needs Foundation Support,HarvardX/CS50x/2012 -> MITx/6.00x/2012_Fall -> MITx/6.00x/2013_Spring -> MITx/7.00x/2013_Spring -> MITx/3.091x/2012_Fall -> Capstone Project & Certification Milestone,24,Software Engineer,15.0
MHxPC130445436,Steady Progressor,"['Biology', 'Public Health', 'Physics']",0.0,Needs Foundation Support,MITx/7.00x/2013_Spring -> HarvardX/PH278x/2013_Spring -> MITx/8.MReV/2013_Summer -> MITx/8.02x/2013_Spring -> Capstone Project & Certification Milestone,20,Public Health Analyst,20.0
MHxPC130088991,Casual Explorer,"['Public Health', 'Biology', 'Chemistry']",0.0,Needs Foundation Support,HarvardX/PH278x/2013_Spring -> MITx/7.00x/2013_Spring -> MITx/3.091x/2012_Fall -> MITx/3.091x/2013_Spring -> Capstone Project & Certification Milestone,20,Public Health Analyst,10.0
MHxPC130484164,At-Risk Learner,"['Computer Science', 'Biology', 'Chemistry']",0.0,Needs Foundation Support,HarvardX/CS50x/2012 -> MITx/6.00x/2012_Fall -> MITx/6.00x/2013_Spring -> MITx/7.00x/2013_Spring -> MITx/3.091x/2012_Fall -> Capstone Project & Certification Milestone,24,Software Engineer,15.0
MHxPC130436261,Casual Explorer,"['Computer Science', 'Biology', 'Chemistry']",0.0,Needs Foundation Support,HarvardX/CS50x/2012 -> MITx/6.00x/2012_Fall -> MITx/6.00x/2013_Spring -> MITx/7.00x/2013_Spring -> MITx/3.091x/2012_Fall -> Capstone Project & Certification Milestone,24,Software Engineer,15.0
MHxPC130427241,Casual Explorer,"['Economics', 'Biology', 'Chemistry']",0.0,Needs Foundation Support,MITx/14.73x/2013_Spring -> MITx/7.00x/2013_Spring -> MITx/3.091x/2012_Fall -> MITx/3.091x/2013_Spring -> Capstone Project & Certification Milestone,20,Data Scientist,10.0
MHxPC130394659,At-Risk Learner,"['Humanities', 'Biology', 'Chemistry']",0.0,Needs Foundation Support,HarvardX/CB22x/2013_Spring -> HarvardX/ER22x/2013_Spring -> MITx/7.00x/2013_Spring -> MITx/3.091x/2012_Fall -> MITx/3.091x/2013_Spring -> Capstone Project & Certification Milestone,24,Data Scientist,0.0
MHxPC130233255,At-Risk Learner,"['Computer Science', 'Biology', 'Chemistry']",0.0,Needs Foundation Support,HarvardX/CS50x/2012 -> MITx/6.00x/2012_Fall -> MITx/6.00x/2013_Spring -> MITx/7.00x/2013_Spring -> MITx/3.091x/2012_Fall -> Capstone Project & Certification Milestone,24,Software Engineer,15.0
MHxPC130223726,At-Risk Learner,"['Engineering', 'Biology', 'Chemistry']",0.0,Needs Foundation Support,MITx/6.002x/2012_Fall -> MITx/6.002x/2013_Spring -> MITx/2.01x/2013_Spring -> MITx/7.00x/2013_Spring -> MITx/3.091x/2012_Fall -> Capstone Project & Certification Milestone,24,Software Engineer,15.0
MHxPC130102586,Casual Explorer,"['Computer Science', 'Biology', 'Chemistry']",0.0,Needs Foundation Support,HarvardX/CS50x/2012 -> MITx/6.00x/2012_Fall -> MITx/6.00x/2013_Spring -> MITx/7.00x/2013_Spring -> MITx/3.091x/2012_Fall -> Capstone Project & Certification Milestone,24,Software Engineer,15.0
MHxPC130038515,At-Risk Learner,"['Public Health', 'Biology', 'Chemistry']",0.0,Needs Foundation Support,HarvardX/PH278x/2013_Spring -> MITx/7.00x/2013_Spring -> MITx/3.091x/2012_Fall -> MITx/3.091x/2013_Spring -> Capstone Project & Certification Milestone,20,Public Health Analyst,10.0
MHxPC130217011,Steady Progressor,"['Economics', 'Humanities', 'Public Health']",0.0,Needs Foundation Support,MITx/14.73x/2013_Spring -> HarvardX/CB22x/2013_Spring -> HarvardX/ER22x/2013_Spring -> HarvardX/PH278x/2013_Spring -> Capstone Project & Certification Milestone,20,Data Scientist,10.0
MHxPC130271040,At-Risk Learner,"['Computer Science', 'Biology', 'Chemistry']",0.0,Needs Foundation Support,HarvardX/CS50x/2012 -> MITx/6.00x/2012_Fall -> MITx/6.00x/2013_Spring -> MITx/7.00x/2013_Spring -> MITx/3.091x/2012_Fall -> Capstone Project & Certification Milestone,24,Software Engineer,15.0
MHxPC130412914,At-Risk Learner,"['Humanities', 'Biology', 'Chemistry']",0.0,Needs Foundation Support,HarvardX/CB22x/2013_Spring -> HarvardX/ER22x/2013_Spring -> MITx/7.00x/2013_Spring -> MITx/3.091x/2012_Fall -> MITx/3.091x/2013_Spring -> Capstone Project & Certification Milestone,24,Data Scientist,0.0
MHxPC130167527,At-Risk Learner,"['Computer Science', 'Biology', 'Chemistry']",0.0,Needs Foundation Support,HarvardX/CS50x/2012 -> MITx/6.00x/2012_Fall -> MITx/6.00x/2013_Spring -> MITx/7.00x/2013_Spring -> MITx/3.091x/2012_Fall -> Capstone Project & Certification Milestone,24,Software Engineer,15.0
MHxPC130425326,Casual Explorer,"['Engineering', 'Biology', 'Chemistry']",0.0,Needs Foundation Support,MITx/6.002x/2012_Fall -> MITx/6.002x/2013_Spring -> MITx/2.01x/2013_Spring -> MITx/7.00x/2013_Spring -> MITx/3.091x/2012_Fall -> Capstone Project & Certification Milestone,24,Software Engineer,15.0
MHxPC130208917,Casual Explorer,"['Computer Science', 'Biology', 'Chemistry']",0.0,Needs Foundation Support,HarvardX/CS50x/2012 -> MITx/6.00x/2012_Fall -> MITx/6.00x/2013_Spring -> MITx/7.00x/2013_Spring -> MITx/3.091x/2012_Fall -> Capstone Project & Certification Milestone,24,Software Engineer,15.0
MHxPC130062553,Casual Explorer,"['Engineering', 'Biology', 'Chemistry']",0.3,Needs Foundation Support,MITx/6.002x/2012_Fall -> MITx/6.002x/2013_Spring -> MITx/2.01x/2013_Spring -> MITx/7.00x/2013_Spring -> MITx/3.091x/2012_Fall -> Capstone Project & Certification Milestone,24,Software Engineer,15.0
MHxPC130565245,Casual Explorer,"['Computer Science', 'Biology', 'Chemistry']",0.0,Needs Foundation Support,HarvardX/CS50x/2012 -> MITx/6.00x/2012_Fall -> MITx/6.00x/2013_Spring -> MITx/7.00x/2013_Spring -> MITx/3.091x/2012_Fall -> Capstone Project & Certification Milestone,24,Software Engineer,15.0
MHxPC130442617,At-Risk Learner,"['Computer Science', 'Biology', 'Chemistry']",0.0,Needs Foundation Support,HarvardX/CS50x/2012 -> MITx/6.00x/2012_Fall -> MITx/6.00x/2013_Spring -> MITx/7.00x/2013_Spring -> MITx/3.091x/2012_Fall -> Capstone Project & Certification Milestone,24,Software Engineer,15.0
MHxPC130025382,At-Risk Learner,"['Statistics & Public Health', 'Biology', 'Chemistry']",0.0,Needs Foundation Support,HarvardX/PH207x/2012_Fall -> MITx/7.00x/2013_Spring -> MITx/3.091x/2012_Fall -> MITx/3.091x/2013_Spring -> Capstone Project & Certification Milestone,20,Data Scientist,10.0
MHxPC130286462,Casual Explorer,"['Computer Science', 'Biology', 'Chemistry']",0.0,Needs Foundation Support,HarvardX/CS50x/2012 -> MITx/6.00x/2012_Fall -> MITx/6.00x/2013_Spring -> MITx/7.00x/2013_Spring -> MITx/3.091x/2012_Fall -> Capstone Project & Certification Milestone,24,Software Engineer,15.0
MHxPC130043546,Casual Explorer,"['Computer Science', 'Biology', 'Chemistry']",0.0,Needs Foundation Support,HarvardX/CS50x/2012 -> MITx/6.00x/2012_Fall -> MITx/6.00x/2013_Spring -> MITx/7.00x/2013_Spring -> MITx/3.091x/2012_Fall -> Capstone Project & Certification Milestone,24,Software Engineer,15.0
MHxPC130049204,At-Risk Learner,"['Computer Science', 'Biology', 'Chemistry']",0.0,Needs Foundation Support,HarvardX/CS50x/2012 -> MITx/6.00x/2012_Fall -> MITx/6.00x/2013_Spring -> MITx/7.00x/2013_Spring -> MITx/3.091x/2012_Fall -> Capstone Project & Certification Milestone,24,Software Engineer,15.0
MHxPC130266168,At-Risk Learner,"['Statistics & Public Health', 'Biology', 'Chemistry']",0.0,Needs Foundation Support,HarvardX/PH207x/2012_Fall -> MITx/7.00x/2013_Spring -> MITx/3.091x/2012_Fall -> MITx/3.091x/2013_Spring -> Capstone Project & Certification Milestone,20,Data Scientist,10.0
MHxPC130227456,At-Risk Learner,"['Humanities', 'Public Health', 'Biology']",0.0,Needs Foundation Support,HarvardX/CB22x/2013_Spring -> HarvardX/ER22x/2013_Spring -> HarvardX/PH278x/2013_Spring -> MITx/7.00x/2013_Spring -> Capstone Project & Certification Milestone,20,Public Health Analyst,10.0
MHxPC130456245,Casual Explorer,"['Computer Science', 'Biology', 'Chemistry']",0.0,Needs Foundation Support,HarvardX/CS50x/2012 -> MITx/6.00x/2012_Fall -> MITx/6.00x/2013_Spring -> MITx/7.00x/2013_Spring -> MITx/3.091x/2012_Fall -> Capstone Project & Certification Milestone,24,Software Engineer,15.0
MHxPC130397970,Casual Explorer,"['Humanities', 'Public Health', 'Biology']",0.5,Needs Foundation Support,HarvardX/CB22x/2013_Spring -> HarvardX/ER22x/2013_Spring -> HarvardX/PH278x/2013_Spring -> MITx/7.00x/2013_Spring -> Capstone Project & Certification Milestone,20,Public Health Analyst,10.0
MHxPC130570043,At-Risk Learner,"['Economics', 'Humanities', 'Biology']",0.0,Needs Foundation Support,MITx/14.73x/2013_Spring -> HarvardX/CB22x/2013_Spring -> HarvardX/ER22x/2013_Spring -> MITx/7.00x/2013_Spring -> Capstone Project & Certification Milestone,20,Data Scientist,10.0
MHxPC130382933,At-Risk Learner,"['Chemistry', 'Biology', 'Computer Science']",0.0,Needs Foundation Support,MITx/3.091x/2012_Fall -> MITx/3.091x/2013_Spring -> MITx/7.00x/2013_Spring -> HarvardX/CS50x/2012 -> MITx/6.00x/2012_Fall -> Capstone Project & Certification Milestone,24,Research Scientist,7.5
MHxPC130541202,At-Risk Learner,"['Economics', 'Biology', 'Chemistry']",0.0,Needs Foundation Support,MITx/14.73x/2013_Spring -> MITx/7.00x/2013_Spring -> MITx/3.091x/2012_Fall -> MITx/3.091x/2013_Spring -> Capstone Project & Certification Milestone,20,Data Scientist,10.0
MHxPC130543934,At-Risk Learner,"['Computer Science', 'Biology', 'Chemistry']",0.8,Needs Foundation Support,HarvardX/CS50x/2012 -> MITx/6.00x/2012_Fall -> MITx/6.00x/2013_Spring -> MITx/7.00x/2013_Spring -> MITx/3.091x/2012_Fall -> Capstone Project & Certification Milestone,24,Software Engineer,15.0
MHxPC130084576,At-Risk Learner,"['Computer Science', 'Biology', 'Chemistry']",0.0,Needs Foundation Support,HarvardX/CS50x/2012 -> MITx/6.00x/2012_Fall -> MITx/6.00x/2013_Spring -> MITx/7.00x/2013_Spring -> MITx/3.091x/2012_Fall -> Capstone Project & Certification Milestone,24,Software Engineer,15.0
MHxPC130222683,High Achiever,"['Computer Science', 'Biology', 'Chemistry']",50.0,Building Readiness,HarvardX/CS50x/2012 -> MITx/6.00x/2012_Fall -> MITx/6.00x/2013_Spring -> MITx/7.00x/2013_Spring -> MITx/3.091x/2012_Fall -> Capstone Project & Certification Milestone,24,Software Engineer,15.0
MHxPC130557116,Casual Explorer,"['Public Health', 'Biology', 'Chemistry']",2.0,Needs Foundation Support,HarvardX/PH278x/2013_Spring -> MITx/7.00x/2013_Spring -> MITx/3.091x/2012_Fall -> MITx/3.091x/2013_Spring -> Capstone Project & Certification Milestone,20,Public Health Analyst,10.0
MHxPC130427253,Casual Explorer,"['Computer Science', 'Biology', 'Chemistry']",0.0,Needs Foundation Support,HarvardX/CS50x/2012 -> MITx/6.00x/2012_Fall -> MITx/6.00x/2013_Spring -> MITx/7.00x/2013_Spring -> MITx/3.091x/2012_Fall -> Capstone Project & Certification Milestone,24,Software Engineer,15.0
MHxPC130108780,At-Risk Learner,"['Computer Science', 'Biology', 'Chemistry']",0.0,Needs Foundation Support,HarvardX/CS50x/2012 -> MITx/6.00x/2012_Fall -> MITx/6.00x/2013_Spring -> MITx/7.00x/2013_Spring -> MITx/3.091x/2012_Fall -> Capstone Project & Certification Milestone,24,Software Engineer,15.0
MHxPC130063311,Casual Explorer,"['Computer Science', 'Biology', 'Chemistry']",0.0,Needs Foundation Support,HarvardX/CS50x/2012 -> MITx/6.00x/2012_Fall -> MITx/6.00x/2013_Spring -> MITx/7.00x/2013_Spring -> MITx/3.091x/2012_Fall -> Capstone Project & Certification Milestone,24,Software Engineer,15.0
MHxPC130372203,At-Risk Learner,"['Computer Science', 'Biology', 'Chemistry']",0.0,Needs Foundation Support,HarvardX/CS50x/2012 -> MITx/6.00x/2012_Fall -> MITx/6.00x/2013_Spring -> MITx/7.00x/2013_Spring -> MITx/3.091x/2012_Fall -> Capstone Project & Certification Milestone,24,Software Engineer,15.0
MHxPC130196623,Steady Progressor,"['Computer Science', 'Biology', 'Chemistry']",0.0,Needs Foundation Support,HarvardX/CS50x/2012 -> MITx/6.00x/2012_Fall -> MITx/6.00x/2013_Spring -> MITx/7.00x/2013_Spring -> MITx/3.091x/2012_Fall -> Capstone Project & Certification Milestone,24,Software Engineer,15.0
MHxPC130536789,Casual Explorer,"['Computer Science', 'Biology', 'Chemistry']",0.4,Needs Foundation Support,HarvardX/CS50x/2012 -> MITx/6.00x/2012_Fall -> MITx/6.00x/2013_Spring -> MITx/7.00x/2013_Spring -> MITx/3.091x/2012_Fall -> Capstone Project & Certification Milestone,24,Software Engineer,15.0
MHxPC130016140,Casual Explorer,"['Statistics & Public Health', 'Biology', 'Chemistry']",0.0,Needs Foundation Support,HarvardX/PH207x/2012_Fall -> MITx/7.00x/2013_Spring -> MITx/3.091x/2012_Fall -> MITx/3.091x/2013_Spring -> Capstone Project & Certification Milestone,20,Data Scientist,10.0
MHxPC130455084,At-Risk Learner,"['Computer Science', 'Biology', 'Chemistry']",0.0,Needs Foundation Support,HarvardX/CS50x/2012 -> MITx/6.00x/2012_Fall -> MITx/6.00x/2013_Spring -> MITx/7.00x/2013_Spring -> MITx/3.091x/2012_Fall -> Capstone Project & Certification Milestone,24,Software Engineer,15.0
MHxPC130054435,At-Risk Learner,"['Computer Science', 'Engineering', 'Biology']",0.0,Needs Foundation Support,HarvardX/CS50x/2012 -> MITx/6.00x/2012_Fall -> MITx/6.00x/2013_Spring -> MITx/6.002x/2012_Fall -> MITx/6.002x/2013_Spring -> Capstone Project & Certification Milestone,24,Software Engineer,30.0
MHxPC130405748,Casual Explorer,"['Physics', 'Biology', 'Chemistry']",0.0,Needs Foundation Support,MITx/8.MReV/2013_Summer -> MITx/8.02x/2013_Spring -> MITx/7.00x/2013_Spring -> MITx/3.091x/2012_Fall -> MITx/3.091x/2013_Spring -> Capstone Project & Certification Milestone,24,Research Scientist,7.5
MHxPC130227641,Casual Explorer,"['Engineering', 'Biology', 'Chemistry']",0.4,Needs Foundation Support,MITx/6.002x/2012_Fall -> MITx/6.002x/2013_Spring -> MITx/2.01x/2013_Spring -> MITx/7.00x/2013_Spring -> MITx/3.091x/2012_Fall -> Capstone Project & Certification Milestone,24,Software Engineer,15.0
MHxPC130196772,Casual Explorer,"['Physics', 'Biology', 'Chemistry']",2.3,Needs Foundation Support,MITx/8.MReV/2013_Summer -> MITx/8.02x/2013_Spring -> MITx/7.00x/2013_Spring -> MITx/3.091x/2012_Fall -> MITx/3.091x/2013_Spring -> Capstone Project & Certification Milestone,24,Research Scientist,7.5
MHxPC130424160,Casual Explorer,"['Statistics & Public Health', 'Biology', 'Chemistry']",0.0,Needs Foundation Support,HarvardX/PH207x/2012_Fall -> MITx/7.00x/2013_Spring -> MITx/3.091x/2012_Fall -> MITx/3.091x/2013_Spring -> Capstone Project & Certification Milestone,20,Data Scientist,10.0
MHxPC130474858,Steady Progressor,"['Engineering', 'Biology', 'Chemistry']",0.3,Needs Foundation Support,MITx/6.002x/2012_Fall -> MITx/6.002x/2013_Spring -> MITx/2.01x/2013_Spring -> MITx/7.00x/2013_Spring -> MITx/3.091x/2012_Fall -> Capstone Project & Certification Milestone,24,Research Scientist,22.5
MHxPC130248869,At-Risk Learner,"['Humanities', 'Biology', 'Chemistry']",0.0,Needs Foundation Support,HarvardX/CB22x/2013_Spring -> HarvardX/ER22x/2013_Spring -> MITx/7.00x/2013_Spring -> MITx/3.091x/2012_Fall -> MITx/3.091x/2013_Spring -> Capstone Project & Certification Milestone,24,Data Scientist,0.0
MHxPC130561572,At-Risk Learner,"['Computer Science', 'Biology', 'Chemistry']",0.0,Needs Foundation Support,HarvardX/CS50x/2012 -> MITx/6.00x/2012_Fall -> MITx/6.00x/2013_Spring -> MITx/7.00x/2013_Spring -> MITx/3.091x/2012_Fall -> Capstone Project & Certification Milestone,24,Software Engineer,15.0
MHxPC130578161,At-Risk Learner,"['Computer Science', 'Biology', 'Chemistry']",0.0,Needs Foundation Support,HarvardX/CS50x/2012 -> MITx/6.00x/2012_Fall -> MITx/6.00x/2013_Spring -> MITx/7.00x/2013_Spring -> MITx/3.091x/2012_Fall -> Capstone Project & Certification Milestone,24,Software Engineer,15.0
MHxPC130347345,At-Risk Learner,"['Computer Science', 'Biology', 'Chemistry']",0.0,Needs Foundation Support,HarvardX/CS50x/2012 -> MITx/6.00x/2012_Fall -> MITx/6.00x/2013_Spring -> MITx/7.00x/2013_Spring -> MITx/3.091x/2012_Fall -> Capstone Project & Certification Milestone,24,Software Engineer,15.0
MHxPC130134671,At-Risk Learner,"['Statistics & Public Health', 'Computer Science', 'Biology']",0.0,Needs Foundation Support,HarvardX/PH207x/2012_Fall -> HarvardX/CS50x/2012 -> MITx/6.00x/2012_Fall -> MITx/6.00x/2013_Spring -> MITx/7.00x/2013_Spring -> Capstone Project & Certification Milestone,24,Data Scientist,20.0
MHxPC130268767,Casual Explorer,"['Biology', 'Chemistry', 'Computer Science']",0.5,Needs Foundation Support,MITx/7.00x/2013_Spring -> MITx/3.091x/2012_Fall -> MITx/3.091x/2013_Spring -> HarvardX/CS50x/2012 -> MITx/6.00x/2012_Fall -> Capstone Project & Certification Milestone,24,Research Scientist,15.0
MHxPC130423804,Casual Explorer,"['Computer Science', 'Biology', 'Chemistry']",0.5,Needs Foundation Support,HarvardX/CS50x/2012 -> MITx/6.00x/2012_Fall -> MITx/6.00x/2013_Spring -> MITx/7.00x/2013_Spring -> MITx/3.091x/2012_Fall -> Capstone Project & Certification Milestone,24,Software Engineer,15.0
MHxPC130039669,At-Risk Learner,"['Computer Science', 'Biology', 'Chemistry']",0.0,Needs Foundation Support,HarvardX/CS50x/2012 -> MITx/6.00x/2012_Fall -> MITx/6.00x/2013_Spring -> MITx/7.00x/2013_Spring -> MITx/3.091x/2012_Fall -> Capstone Project & Certification Milestone,24,Software Engineer,15.0
MHxPC130015353,Casual Explorer,"['Engineering', 'Biology', 'Chemistry']",0.0,Needs Foundation Support,MITx/6.002x/2012_Fall -> MITx/6.002x/2013_Spring -> MITx/2.01x/2013_Spring -> MITx/7.00x/2013_Spring -> MITx/3.091x/2012_Fall -> Capstone Project & Certification Milestone,24,Software Engineer,15.0
MHxPC130567009,Casual Explorer,"['Economics', 'Biology', 'Chemistry']",0.0,Needs Foundation Support,MITx/14.73x/2013_Spring -> MITx/7.00x/2013_Spring -> MITx/3.091x/2012_Fall -> MITx/3.091x/2013_Spring -> Capstone Project & Certification Milestone,20,Data Scientist,10.0
MHxPC130288516,At-Risk Learner,"['Engineering', 'Biology', 'Chemistry']",0.0,Needs Foundation Support,MITx/6.002x/2012_Fall -> MITx/6.002x/2013_Spring -> MITx/2.01x/2013_Spring -> MITx/7.00x/2013_Spring -> MITx/3.091x/2012_Fall -> Capstone Project & Certification Milestone,24,Software Engineer,15.0
MHxPC130524944,At-Risk Learner,"['Computer Science', 'Biology', 'Chemistry']",0.0,Needs Foundation Support,HarvardX/CS50x/2012 -> MITx/6.00x/2012_Fall -> MITx/6.00x/2013_Spring -> MITx/7.00x/2013_Spring -> MITx/3.091x/2012_Fall -> Capstone Project & Certification Milestone,24,Software Engineer,15.0
MHxPC130188535,At-Risk Learner,"['Computer Science', 'Biology', 'Chemistry']",0.0,Needs Foundation Support,HarvardX/CS50x/2012 -> MITx/6.00x/2012_Fall -> MITx/6.00x/2013_Spring -> MITx/7.00x/2013_Spring -> MITx/3.091x/2012_Fall -> Capstone Project & Certification Milestone,24,Software Engineer,15.0
MHxPC130097878,Casual Explorer,"['Computer Science', 'Biology', 'Chemistry']",0.0,Needs Foundation Support,HarvardX/CS50x/2012 -> MITx/6.00x/2012_Fall -> MITx/6.00x/2013_Spring -> MITx/7.00x/2013_Spring -> MITx/3.091x/2012_Fall -> Capstone Project & Certification Milestone,24,Software Engineer,15.0
MHxPC130319875,At-Risk Learner,"['Engineering', 'Biology', 'Chemistry']",0.0,Needs Foundation Support,MITx/6.002x/2012_Fall -> MITx/6.002x/2013_Spring -> MITx/2.01x/2013_Spring -> MITx/7.00x/2013_Spring -> MITx/3.091x/2012_Fall -> Capstone Project & Certification Milestone,24,Software Engineer,15.0
MHxPC130420024,At-Risk Learner,"['Computer Science', 'Biology', 'Chemistry']",0.0,Needs Foundation Support,HarvardX/CS50x/2012 -> MITx/6.00x/2012_Fall -> MITx/6.00x/2013_Spring -> MITx/7.00x/2013_Spring -> MITx/3.091x/2012_Fall -> Capstone Project & Certification Milestone,24,Software Engineer,15.0
MHxPC130472247,At-Risk Learner,"['Computer Science', 'Biology', 'Chemistry']",0.0,Needs Foundation Support,HarvardX/CS50x/2012 -> MITx/6.00x/2012_Fall -> MITx/6.00x/2013_Spring -> MITx/7.00x/2013_Spring -> MITx/3.091x/2012_Fall -> Capstone Project & Certification Milestone,24,Software Engineer,15.0
MHxPC130371937,Steady Progressor,"['Computer Science', 'Engineering', 'Physics']",0.0,Needs Foundation Support,HarvardX/CS50x/2012 -> MITx/6.00x/2012_Fall -> MITx/6.00x/2013_Spring -> MITx/6.002x/2012_Fall -> MITx/6.002x/2013_Spring -> Capstone Project & Certification Milestone,24,Software Engineer,30.0
MHxPC130035241,Casual Explorer,"['Computer Science', 'Biology', 'Chemistry']",0.0,Needs Foundation Support,HarvardX/CS50x/2012 -> MITx/6.00x/2012_Fall -> MITx/6.00x/2013_Spring -> MITx/7.00x/2013_Spring -> MITx/3.091x/2012_Fall -> Capstone Project & Certification Milestone,24,Software Engineer,15.0
MHxPC130037420,At-Risk Learner,"['Computer Science', 'Biology', 'Chemistry']",0.0,Needs Foundation Support,HarvardX/CS50x/2012 -> MITx/6.00x/2012_Fall -> MITx/6.00x/2013_Spring -> MITx/7.00x/2013_Spring -> MITx/3.091x/2012_Fall -> Capstone Project & Certification Milestone,24,Software Engineer,15.0
MHxPC130493064,Steady Progressor,"['Biology', 'Engineering', 'Physics']",1.2,Needs Foundation Support,MITx/7.00x/2013_Spring -> MITx/6.002x/2012_Fall -> MITx/6.002x/2013_Spring -> MITx/2.01x/2013_Spring -> MITx/8.MReV/2013_Summer -> Capstone Project & Certification Milestone,24,Software Engineer,30.0
MHxPC130048129,At-Risk Learner,"['Computer Science', 'Biology', 'Chemistry']",0.0,Needs Foundation Support,HarvardX/CS50x/2012 -> MITx/6.00x/2012_Fall -> MITx/6.00x/2013_Spring -> MITx/7.00x/2013_Spring -> MITx/3.091x/2012_Fall -> Capstone Project & Certification Milestone,24,Software Engineer,15.0
MHxPC130401563,At-Risk Learner,"['Public Health', 'Biology', 'Chemistry']",0.0,Needs Foundation Support,HarvardX/PH278x/2013_Spring -> MITx/7.00x/2013_Spring -> MITx/3.091x/2012_Fall -> MITx/3.091x/2013_Spring -> Capstone Project & Certification Milestone,20,Public Health Analyst,10.0
MHxPC130002116,At-Risk Learner,"['Engineering', 'Biology', 'Chemistry']",0.0,Needs Foundation Support,MITx/6.002x/2012_Fall -> MITx/6.002x/2013_Spring -> MITx/2.01x/2013_Spring -> MITx/7.00x/2013_Spring -> MITx/3.091x/2012_Fall -> Capstone Project & Certification Milestone,24,Software Engineer,15.0
MHxPC130500404,At-Risk Learner,"['Biology', 'Public Health', 'Chemistry']",0.0,Needs Foundation Support,MITx/7.00x/2013_Spring -> HarvardX/PH278x/2013_Spring -> MITx/3.091x/2012_Fall -> MITx/3.091x/2013_Spring -> Capstone Project & Certification Milestone,20,Public Health Analyst,20.0
MHxPC130498592,At-Risk Learner,"['Computer Science', 'Biology', 'Chemistry']",0.0,Needs Foundation Support,HarvardX/CS50x/2012 -> MITx/6.00x/2012_Fall -> MITx/6.00x/2013_Spring -> MITx/7.00x/2013_Spring -> MITx/3.091x/2012_Fall -> Capstone Project & Certification Milestone,24,Software Engineer,15.0
MHxPC130168599,At-Risk Learner,"['Computer Science', 'Biology', 'Chemistry']",0.0,Needs Foundation Support,HarvardX/CS50x/2012 -> MITx/6.00x/2012_Fall -> MITx/6.00x/2013_Spring -> MITx/7.00x/2013_Spring -> MITx/3.091x/2012_Fall -> Capstone Project & Certification Milestone,24,Software Engineer,15.0
MHxPC130150320,Casual Explorer,"['Public Health', 'Biology', 'Chemistry']",0.0,Needs Foundation Support,HarvardX/PH278x/2013_Spring -> MITx/7.00x/2013_Spring -> MITx/3.091x/2012_Fall -> MITx/3.091x/2013_Spring -> Capstone Project & Certification Milestone,20,Public Health Analyst,10.0
MHxPC130485729,At-Risk Learner,"['Economics', 'Biology', 'Chemistry']",0.0,Needs Foundation Support,MITx/14.73x/2013_Spring -> MITx/7.00x/2013_Spring -> MITx/3.091x/2012_Fall -> MITx/3.091x/2013_Spring -> Capstone Project & Certification Milestone,20,Data Scientist,10.0
MHxPC130498769,At-Risk Learner,"['Chemistry', 'Biology', 'Computer Science']",0.0,Needs Foundation Support,MITx/3.091x/2012_Fall -> MITx/3.091x/2013_Spring -> MITx/7.00x/2013_Spring -> HarvardX/CS50x/2012 -> MITx/6.00x/2012_Fall -> Capstone Project & Certification Milestone,24,Research Scientist,7.5
MHxPC130301889,High Achiever,"['Physics', 'Biology', 'Chemistry']",50.0,Building Readiness,MITx/8.MReV/2013_Summer -> MITx/8.02x/2013_Spring -> MITx/7.00x/2013_Spring -> MITx/3.091x/2012_Fall -> MITx/3.091x/2013_Spring -> Capstone Project & Certification Milestone,24,Software Engineer,50.0
MHxPC130365589,At-Risk Learner,"['Computer Science', 'Biology', 'Chemistry']",0.0,Needs Foundation Support,HarvardX/CS50x/2012 -> MITx/6.00x/2012_Fall -> MITx/6.00x/2013_Spring -> MITx/7.00x/2013_Spring -> MITx/3.091x/2012_Fall -> Capstone Project & Certification Milestone,24,Software Engineer,15.0
MHxPC130520410,At-Risk Learner,"['Humanities', 'Biology', 'Chemistry']",0.0,Needs Foundation Support,HarvardX/CB22x/2013_Spring -> HarvardX/ER22x/2013_Spring -> MITx/7.00x/2013_Spring -> MITx/3.091x/2012_Fall -> MITx/3.091x/2013_Spring -> Capstone Project & Certification Milestone,24,Data Scientist,0.0
MHxPC130541299,Casual Explorer,"['Computer Science', 'Biology', 'Chemistry']",0.0,Needs Foundation Support,HarvardX/CS50x/2012 -> MITx/6.00x/2012_Fall -> MITx/6.00x/2013_Spring -> MITx/7.00x/2013_Spring -> MITx/3.091x/2012_Fall -> Capstone Project & Certification Milestone,24,Software Engineer,15.0
MHxPC130550568,Casual Explorer,"['Public Health', 'Biology', 'Chemistry']",0.4,Needs Foundation Support,HarvardX/PH278x/2013_Spring -> MITx/7.00x/2013_Spring -> MITx/3.091x/2012_Fall -> MITx/3.091x/2013_Spring -> Capstone Project & Certification Milestone,20,Public Health Analyst,10.0
MHxPC130460496,At-Risk Learner,"['Public Health', 'Biology', 'Chemistry']",0.0,Needs Foundation Support,HarvardX/PH278x/2013_Spring -> MITx/7.00x/2013_Spring -> MITx/3.091x/2012_Fall -> MITx/3.091x/2013_Spring -> Capstone Project & Certification Milestone,20,Public Health Analyst,10.0
MHxPC130362733,Casual Explorer,"['Statistics & Public Health', 'Computer Science', 'Biology']",49.6,Building Readiness,HarvardX/PH207x/2012_Fall -> HarvardX/CS50x/2012 -> MITx/6.00x/2012_Fall -> MITx/6.00x/2013_Spring -> MITx/7.00x/2013_Spring -> Capstone Project & Certification Milestone,24,Data Scientist,20.0
MHxPC130544108,Casual Explorer,"['Statistics & Public Health', 'Biology', 'Chemistry']",0.0,Needs Foundation Support,HarvardX/PH207x/2012_Fall -> MITx/7.00x/2013_Spring -> MITx/3.091x/2012_Fall -> MITx/3.091x/2013_Spring -> Capstone Project & Certification Milestone,20,Data Scientist,10.0
MHxPC130004589,At-Risk Learner,"['Computer Science', 'Biology', 'Chemistry']",0.0,Needs Foundation Support,HarvardX/CS50x/2012 -> MITx/6.00x/2012_Fall -> MITx/6.00x/2013_Spring -> MITx/7.00x/2013_Spring -> MITx/3.091x/2012_Fall -> Capstone Project & Certification Milestone,24,Software Engineer,15.0
MHxPC130109685,Casual Explorer,"['Humanities', 'Biology', 'Chemistry']",0.0,Needs Foundation Support,HarvardX/CB22x/2013_Spring -> HarvardX/ER22x/2013_Spring -> MITx/7.00x/2013_Spring -> MITx/3.091x/2012_Fall -> MITx/3.091x/2013_Spring -> Capstone Project & Certification Milestone,24,Data Scientist,0.0
MHxPC130252733,Casual Explorer,"['Physics', 'Biology', 'Chemistry']",0.3,Needs Foundation Support,MITx/8.MReV/2013_Summer -> MITx/8.02x/2013_Spring -> MITx/7.00x/2013_Spring -> MITx/3.091x/2012_Fall -> MITx/3.091x/2013_Spring -> Capstone Project & Certification Milestone,24,Research Scientist,7.5
MHxPC130233754,Casual Explorer,"['Computer Science', 'Biology', 'Chemistry']",0.7,Needs Foundation Support,HarvardX/CS50x/2012 -> MITx/6.00x/2012_Fall -> MITx/6.00x/2013_Spring -> MITx/7.00x/2013_Spring -> MITx/3.091x/2012_Fall -> Capstone Project & Certification Milestone,24,Software Engineer,15.0
MHxPC130222680,At-Risk Learner,"['Computer Science', 'Biology', 'Chemistry']",0.0,Needs Foundation Support,HarvardX/CS50x/2012 -> MITx/6.00x/2012_Fall -> MITx/6.00x/2013_Spring -> MITx/7.00x/2013_Spring -> MITx/3.091x/2012_Fall -> Capstone Project & Certification Milestone,24,Software Engineer,15.0
MHxPC130336525,Casual Explorer,"['Computer Science', 'Biology', 'Chemistry']",0.0,Needs Foundation Support,HarvardX/CS50x/2012 -> MITx/6.00x/2012_Fall -> MITx/6.00x/2013_Spring -> MITx/7.00x/2013_Spring -> MITx/3.091x/2012_Fall -> Capstone Project & Certification Milestone,24,Software Engineer,15.0
MHxPC130487530,At-Risk Learner,"['Statistics & Public Health', 'Biology', 'Chemistry']",0.0,Needs Foundation Support,HarvardX/PH207x/2012_Fall -> MITx/7.00x/2013_Spring -> MITx/3.091x/2012_Fall -> MITx/3.091x/2013_Spring -> Capstone Project & Certification Milestone,20,Data Scientist,10.0
MHxPC130539100,Casual Explorer,"['Physics', 'Biology', 'Chemistry']",2.0,Needs Foundation Support,MITx/8.MReV/2013_Summer -> MITx/8.02x/2013_Spring -> MITx/7.00x/2013_Spring -> MITx/3.091x/2012_Fall -> MITx/3.091x/2013_Spring -> Capstone Project & Certification Milestone,24,Research Scientist,7.5
MHxPC130516364,At-Risk Learner,"['Public Health', 'Biology', 'Chemistry']",0.0,Needs Foundation Support,HarvardX/PH278x/2013_Spring -> MITx/7.00x/2013_Spring -> MITx/3.091x/2012_Fall -> MITx/3.091x/2013_Spring -> Capstone Project & Certification Milestone,20,Public Health Analyst,10.0
MHxPC130209133,Steady Progressor,"['Economics', 'Humanities', 'Public Health']",0.0,Needs Foundation Support,MITx/14.73x/2013_Spring -> HarvardX/CB22x/2013_Spring -> HarvardX/ER22x/2013_Spring -> HarvardX/PH278x/2013_Spring -> Capstone Project & Certification Milestone,20,Data Scientist,10.0
MHxPC130403373,At-Risk Learner,"['Public Health', 'Biology', 'Chemistry']",0.0,Needs Foundation Support,HarvardX/PH278x/2013_Spring -> MITx/7.00x/2013_Spring -> MITx/3.091x/2012_Fall -> MITx/3.091x/2013_Spring -> Capstone Project & Certification Milestone,20,Public Health Analyst,10.0
MHxPC130152612,At-Risk Learner,"['Computer Science', 'Biology', 'Chemistry']",0.0,Needs Foundation Support,HarvardX/CS50x/2012 -> MITx/6.00x/2012_Fall -> MITx/6.00x/2013_Spring -> MITx/7.00x/2013_Spring -> MITx/3.091x/2012_Fall -> Capstone Project & Certification Milestone,24,Software Engineer,15.0
MHxPC130033394,Casual Explorer,"['Computer Science', 'Physics', 'Biology']",0.4,Needs Foundation Support,HarvardX/CS50x/2012 -> MITx/6.00x/2012_Fall -> MITx/6.00x/2013_Spring -> MITx/8.MReV/2013_Summer -> MITx/8.02x/2013_Spring -> Capstone Project & Certification Milestone,24,Software Engineer,15.0
MHxPC130331149,At-Risk Learner,"['Computer Science', 'Biology', 'Chemistry']",0.0,Needs Foundation Support,HarvardX/CS50x/2012 -> MITx/6.00x/2012_Fall -> MITx/6.00x/2013_Spring -> MITx/7.00x/2013_Spring -> MITx/3.091x/2012_Fall -> Capstone Project & Certification Milestone,24,Software Engineer,15.0
MHxPC130050593,At-Risk Learner,"['Chemistry', 'Biology', 'Computer Science']",0.0,Needs Foundation Support,MITx/3.091x/2012_Fall -> MITx/3.091x/2013_Spring -> MITx/7.00x/2013_Spring -> HarvardX/CS50x/2012 -> MITx/6.00x/2012_Fall -> Capstone Project & Certification Milestone,24,Research Scientist,7.5
MHxPC130413361,Casual Explorer,"['Computer Science', 'Biology', 'Chemistry']",1.3,Needs Foundation Support,HarvardX/CS50x/2012 -> MITx/6.00x/2012_Fall -> MITx/6.00x/2013_Spring -> MITx/7.00x/2013_Spring -> MITx/3.091x/2012_Fall -> Capstone Project & Certification Milestone,24,Software Engineer,15.0
MHxPC130072130,At-Risk Learner,"['Humanities', 'Biology', 'Chemistry']",0.0,Needs Foundation Support,HarvardX/CB22x/2013_Spring -> HarvardX/ER22x/2013_Spring -> MITx/7.00x/2013_Spring -> MITx/3.091x/2012_Fall -> MITx/3.091x/2013_Spring -> Capstone Project & Certification Milestone,24,Data Scientist,0.0
MHxPC130187799,Casual Explorer,"['Computer Science', 'Biology', 'Chemistry']",0.0,Needs Foundation Support,HarvardX/CS50x/2012 -> MITx/6.00x/2012_Fall -> MITx/6.00x/2013_Spring -> MITx/7.00x/2013_Spring -> MITx/3.091x/2012_Fall -> Capstone Project & Certification Milestone,24,Software Engineer,15.0
MHxPC130140950,At-Risk Learner,"['Computer Science', 'Biology', 'Chemistry']",0.0,Needs Foundation Support,HarvardX/CS50x/2012 -> MITx/6.00x/2012_Fall -> MITx/6.00x/2013_Spring -> MITx/7.00x/2013_Spring -> MITx/3.091x/2012_Fall -> Capstone Project & Certification Milestone,24,Software Engineer,15.0
MHxPC130278583,Casual Explorer,"['Public Health', 'Biology', 'Chemistry']",0.0,Needs Foundation Support,HarvardX/PH278x/2013_Spring -> MITx/7.00x/2013_Spring -> MITx/3.091x/2012_Fall -> MITx/3.091x/2013_Spring -> Capstone Project & Certification Milestone,20,Public Health Analyst,10.0
MHxPC130525472,Casual Explorer,"['Humanities', 'Biology', 'Chemistry']",6.1,Needs Foundation Support,HarvardX/CB22x/2013_Spring -> HarvardX/ER22x/2013_Spring -> MITx/7.00x/2013_Spring -> MITx/3.091x/2012_Fall -> MITx/3.091x/2013_Spring -> Capstone Project & Certification Milestone,24,Data Scientist,0.0
MHxPC130459904,At-Risk Learner,"['Computer Science', 'Biology', 'Chemistry']",0.0,Needs Foundation Support,HarvardX/CS50x/2012 -> MITx/6.00x/2012_Fall -> MITx/6.00x/2013_Spring -> MITx/7.00x/2013_Spring -> MITx/3.091x/2012_Fall -> Capstone Project & Certification Milestone,24,Software Engineer,15.0
MHxPC130384688,At-Risk Learner,"['Computer Science', 'Biology', 'Chemistry']",0.0,Needs Foundation Support,HarvardX/CS50x/2012 -> MITx/6.00x/2012_Fall -> MITx/6.00x/2013_Spring -> MITx/7.00x/2013_Spring -> MITx/3.091x/2012_Fall -> Capstone Project & Certification Milestone,24,Software Engineer,15.0
MHxPC130359898,At-Risk Learner,"['Computer Science', 'Biology', 'Chemistry']",0.0,Needs Foundation Support,HarvardX/CS50x/2012 -> MITx/6.00x/2012_Fall -> MITx/6.00x/2013_Spring -> MITx/7.00x/2013_Spring -> MITx/3.091x/2012_Fall -> Capstone Project & Certification Milestone,24,Software Engineer,15.0
MHxPC130582640,At-Risk Learner,"['Computer Science', 'Biology', 'Chemistry']",0.0,Needs Foundation Support,HarvardX/CS50x/2012 -> MITx/6.00x/2012_Fall -> MITx/6.00x/2013_Spring -> MITx/7.00x/2013_Spring -> MITx/3.091x/2012_Fall -> Capstone Project & Certification Milestone,24,Software Engineer,15.0
MHxPC130118062,At-Risk Learner,"['Engineering', 'Biology', 'Chemistry']",0.0,Needs Foundation Support,MITx/6.002x/2012_Fall -> MITx/6.002x/2013_Spring -> MITx/2.01x/2013_Spring -> MITx/7.00x/2013_Spring -> MITx/3.091x/2012_Fall -> Capstone Project & Certification Milestone,24,Software Engineer,15.0
MHxPC130289017,Casual Explorer,"['Economics', 'Physics', 'Biology']",0.0,Needs Foundation Support,MITx/14.73x/2013_Spring -> MITx/8.MReV/2013_Summer -> MITx/8.02x/2013_Spring -> MITx/7.00x/2013_Spring -> Capstone Project & Certification Milestone,20,Data Scientist,10.0
MHxPC130132835,At-Risk Learner,"['Economics', 'Biology', 'Chemistry']",0.0,Needs Foundation Support,MITx/14.73x/2013_Spring -> MITx/7.00x/2013_Spring -> MITx/3.091x/2012_Fall -> MITx/3.091x/2013_Spring -> Capstone Project & Certification Milestone,20,Data Scientist,10.0
MHxPC130584054,At-Risk Learner,"['Engineering', 'Biology', 'Chemistry']",0.0,Needs Foundation Support,MITx/6.002x/2012_Fall -> MITx/6.002x/2013_Spring -> MITx/2.01x/2013_Spring -> MITx/7.00x/2013_Spring -> MITx/3.091x/2012_Fall -> Capstone Project & Certification Milestone,24,Software Engineer,15.0
MHxPC130214219,Casual Explorer,"['Biology', 'Chemistry', 'Computer Science']",0.0,Needs Foundation Support,MITx/7.00x/2013_Spring -> MITx/3.091x/2012_Fall -> MITx/3.091x/2013_Spring -> HarvardX/CS50x/2012 -> MITx/6.00x/2012_Fall -> Capstone Project & Certification Milestone,24,Public Health Analyst,10.0
MHxPC130537448,At-Risk Learner,"['Computer Science', 'Biology', 'Chemistry']",0.0,Needs Foundation Support,HarvardX/CS50x/2012 -> MITx/6.00x/2012_Fall -> MITx/6.00x/2013_Spring -> MITx/7.00x/2013_Spring -> MITx/3.091x/2012_Fall -> Capstone Project & Certification Milestone,24,Software Engineer,15.0
MHxPC130259291,Casual Explorer,"['Computer Science', 'Biology', 'Chemistry']",0.0,Needs Foundation Support,HarvardX/CS50x/2012 -> MITx/6.00x/2012_Fall -> MITx/6.00x/2013_Spring -> MITx/7.00x/2013_Spring -> MITx/3.091x/2012_Fall -> Capstone Project & Certification Milestone,24,Software Engineer,15.0
MHxPC130364151,Casual Explorer,"['Humanities', 'Biology', 'Chemistry']",1.4,Needs Foundation Support,HarvardX/CB22x/2013_Spring -> HarvardX/ER22x/2013_Spring -> MITx/7.00x/2013_Spring -> MITx/3.091x/2012_Fall -> MITx/3.091x/2013_Spring -> Capstone Project & Certification Milestone,24,Data Scientist,0.0
MHxPC130445071,At-Risk Learner,"['Economics', 'Biology', 'Chemistry']",0.0,Needs Foundation Support,MITx/14.73x/2013_Spring -> MITx/7.00x/2013_Spring -> MITx/3.091x/2012_Fall -> MITx/3.091x/2013_Spring -> Capstone Project & Certification Milestone,20,Data Scientist,10.0
MHxPC130570728,Casual Explorer,"['Computer Science', 'Biology', 'Chemistry']",4.7,Needs Foundation Support,HarvardX/CS50x/2012 -> MITx/6.00x/2012_Fall -> MITx/6.00x/2013_Spring -> MITx/7.00x/2013_Spring -> MITx/3.091x/2012_Fall -> Capstone Project & Certification Milestone,24,Software Engineer,15.0
MHxPC130536154,Steady Progressor,"['Statistics & Public Health', 'Computer Science', 'Chemistry']",0.0,Needs Foundation Support,HarvardX/PH207x/2012_Fall -> HarvardX/CS50x/2012 -> MITx/6.00x/2012_Fall -> MITx/6.00x/2013_Spring -> MITx/3.091x/2012_Fall -> Capstone Project & Certification Milestone,24,ML Engineer,30.0
MHxPC130257760,Casual Explorer,"['Biology', 'Chemistry', 'Computer Science']",0.0,Needs Foundation Support,MITx/7.00x/2013_Spring -> MITx/3.091x/2012_Fall -> MITx/3.091x/2013_Spring -> HarvardX/CS50x/2012 -> MITx/6.00x/2012_Fall -> Capstone Project & Certification Milestone,24,Public Health Analyst,10.0
MHxPC130569734,Steady Progressor,"['Economics', 'Engineering', 'Humanities']",0.0,Needs Foundation Support,MITx/14.73x/2013_Spring -> MITx/6.002x/2012_Fall -> MITx/6.002x/2013_Spring -> MITx/2.01x/2013_Spring -> HarvardX/CB22x/2013_Spring -> Capstone Project & Certification Milestone,24,Software Engineer,15.0
MHxPC130019360,Casual Explorer,"['Engineering', 'Biology', 'Chemistry']",0.0,Needs Foundation Support,MITx/6.002x/2012_Fall -> MITx/6.002x/2013_Spring -> MITx/2.01x/2013_Spring -> MITx/7.00x/2013_Spring -> MITx/3.091x/2012_Fall -> Capstone Project & Certification Milestone,24,Software Engineer,15.0
MHxPC130523932,At-Risk Learner,"['Statistics & Public Health', 'Biology', 'Chemistry']",0.0,Needs Foundation Support,HarvardX/PH207x/2012_Fall -> MITx/7.00x/2013_Spring -> MITx/3.091x/2012_Fall -> MITx/3.091x/2013_Spring -> Capstone Project & Certification Milestone,20,Data Scientist,10.0
MHxPC130549425,Casual Explorer,"['Computer Science', 'Biology', 'Chemistry']",0.0,Needs Foundation Support,HarvardX/CS50x/2012 -> MITx/6.00x/2012_Fall -> MITx/6.00x/2013_Spring -> MITx/7.00x/2013_Spring -> MITx/3.091x/2012_Fall -> Capstone Project & Certification Milestone,24,Software Engineer,15.0
MHxPC130217771,At-Risk Learner,"['Humanities', 'Biology', 'Chemistry']",0.0,Needs Foundation Support,HarvardX/CB22x/2013_Spring -> HarvardX/ER22x/2013_Spring -> MITx/7.00x/2013_Spring -> MITx/3.091x/2012_Fall -> MITx/3.091x/2013_Spring -> Capstone Project & Certification Milestone,24,Data Scientist,0.0
MHxPC130521322,At-Risk Learner,"['Computer Science', 'Biology', 'Chemistry']",0.0,Needs Foundation Support,HarvardX/CS50x/2012 -> MITx/6.00x/2012_Fall -> MITx/6.00x/2013_Spring -> MITx/7.00x/2013_Spring -> MITx/3.091x/2012_Fall -> Capstone Project & Certification Milestone,24,Software Engineer,15.0
MHxPC130017890,Casual Explorer,"['Chemistry', 'Biology', 'Computer Science']",0.0,Needs Foundation Support,MITx/3.091x/2012_Fall -> MITx/3.091x/2013_Spring -> MITx/7.00x/2013_Spring -> HarvardX/CS50x/2012 -> MITx/6.00x/2012_Fall -> Capstone Project & Certification Milestone,24,Research Scientist,7.5
MHxPC130005068,At-Risk Learner,"['Computer Science', 'Biology', 'Chemistry']",0.0,Needs Foundation Support,HarvardX/CS50x/2012 -> MITx/6.00x/2012_Fall -> MITx/6.00x/2013_Spring -> MITx/7.00x/2013_Spring -> MITx/3.091x/2012_Fall -> Capstone Project & Certification Milestone,24,Software Engineer,15.0
MHxPC130283686,At-Risk Learner,"['Computer Science', 'Biology', 'Chemistry']",0.0,Needs Foundation Support,HarvardX/CS50x/2012 -> MITx/6.00x/2012_Fall -> MITx/6.00x/2013_Spring -> MITx/7.00x/2013_Spring -> MITx/3.091x/2012_Fall -> Capstone Project & Certification Milestone,24,Software Engineer,15.0
MHxPC130497533,At-Risk Learner,"['Computer Science', 'Biology', 'Chemistry']",0.0,Needs Foundation Support,HarvardX/CS50x/2012 -> MITx/6.00x/2012_Fall -> MITx/6.00x/2013_Spring -> MITx/7.00x/2013_Spring -> MITx/3.091x/2012_Fall -> Capstone Project & Certification Milestone,24,Software Engineer,15.0
MHxPC130439769,At-Risk Learner,"['Computer Science', 'Biology', 'Chemistry']",0.0,Needs Foundation Support,HarvardX/CS50x/2012 -> MITx/6.00x/2012_Fall -> MITx/6.00x/2013_Spring -> MITx/7.00x/2013_Spring -> MITx/3.091x/2012_Fall -> Capstone Project & Certification Milestone,24,Software Engineer,15.0
MHxPC130379114,At-Risk Learner,"['Biology', 'Chemistry', 'Computer Science']",0.0,Needs Foundation Support,MITx/7.00x/2013_Spring -> MITx/3.091x/2012_Fall -> MITx/3.091x/2013_Spring -> HarvardX/CS50x/2012 -> MITx/6.00x/2012_Fall -> Capstone Project & Certification Milestone,24,Public Health Analyst,10.0
MHxPC130163908,Casual Explorer,"['Physics', 'Biology', 'Chemistry']",1.5,Needs Foundation Support,MITx/8.MReV/2013_Summer -> MITx/8.02x/2013_Spring -> MITx/7.00x/2013_Spring -> MITx/3.091x/2012_Fall -> MITx/3.091x/2013_Spring -> Capstone Project & Certification Milestone,24,Research Scientist,7.5
MHxPC130248895,At-Risk Learner,"['Humanities', 'Biology', 'Chemistry']",0.0,Needs Foundation Support,HarvardX/CB22x/2013_Spring -> HarvardX/ER22x/2013_Spring -> MITx/7.00x/2013_Spring -> MITx/3.091x/2012_Fall -> MITx/3.091x/2013_Spring -> Capstone Project & Certification Milestone,24,Data Scientist,0.0
MHxPC130135539,At-Risk Learner,"['Engineering', 'Biology', 'Chemistry']",0.0,Needs Foundation Support,MITx/6.002x/2012_Fall -> MITx/6.002x/2013_Spring -> MITx/2.01x/2013_Spring -> MITx/7.00x/2013_Spring -> MITx/3.091x/2012_Fall -> Capstone Project & Certification Milestone,24,Software Engineer,15.0
MHxPC130041519,At-Risk Learner,"['Statistics & Public Health', 'Biology', 'Chemistry']",0.0,Needs Foundation Support,HarvardX/PH207x/2012_Fall -> MITx/7.00x/2013_Spring -> MITx/3.091x/2012_Fall -> MITx/3.091x/2013_Spring -> Capstone Project & Certification Milestone,20,Data Scientist,10.0
MHxPC130346831,At-Risk Learner,"['Computer Science', 'Biology', 'Chemistry']",0.0,Needs Foundation Support,HarvardX/CS50x/2012 -> MITx/6.00x/2012_Fall -> MITx/6.00x/2013_Spring -> MITx/7.00x/2013_Spring -> MITx/3.091x/2012_Fall -> Capstone Project & Certification Milestone,24,Software Engineer,15.0
MHxPC130311168,At-Risk Learner,"['Engineering', 'Biology', 'Chemistry']",0.0,Needs Foundation Support,MITx/6.002x/2012_Fall -> MITx/6.002x/2013_Spring -> MITx/2.01x/2013_Spring -> MITx/7.00x/2013_Spring -> MITx/3.091x/2012_Fall -> Capstone Project & Certification Milestone,24,Software Engineer,15.0
MHxPC130150518,Casual Explorer,"['Economics', 'Public Health', 'Biology']",0.0,Needs Foundation Support,MITx/14.73x/2013_Spring -> HarvardX/PH278x/2013_Spring -> MITx/7.00x/2013_Spring -> Capstone Project & Certification Milestone,16,Data Scientist,10.0
MHxPC130388050,At-Risk Learner,"['Humanities', 'Biology', 'Chemistry']",0.0,Needs Foundation Support,HarvardX/CB22x/2013_Spring -> HarvardX/ER22x/2013_Spring -> MITx/7.00x/2013_Spring -> MITx/3.091x/2012_Fall -> MITx/3.091x/2013_Spring -> Capstone Project & Certification Milestone,24,Data Scientist,0.0
MHxPC130478271,At-Risk Learner,"['Computer Science', 'Biology', 'Chemistry']",0.0,Needs Foundation Support,HarvardX/CS50x/2012 -> MITx/6.00x/2012_Fall -> MITx/6.00x/2013_Spring -> MITx/7.00x/2013_Spring -> MITx/3.091x/2012_Fall -> Capstone Project & Certification Milestone,24,Software Engineer,15.0
MHxPC130432375,At-Risk Learner,"['Statistics & Public Health', 'Biology', 'Chemistry']",0.0,Needs Foundation Support,HarvardX/PH207x/2012_Fall -> MITx/7.00x/2013_Spring -> MITx/3.091x/2012_Fall -> MITx/3.091x/2013_Spring -> Capstone Project & Certification Milestone,20,Data Scientist,10.0
MHxPC130085816,Casual Explorer,"['Computer Science', 'Biology', 'Chemistry']",0.0,Needs Foundation Support,HarvardX/CS50x/2012 -> MITx/6.00x/2012_Fall -> MITx/6.00x/2013_Spring -> MITx/7.00x/2013_Spring -> MITx/3.091x/2012_Fall -> Capstone Project & Certification Milestone,24,Software Engineer,15.0
MHxPC130104562,At-Risk Learner,"['Physics', 'Biology', 'Chemistry']",0.0,Needs Foundation Support,MITx/8.MReV/2013_Summer -> MITx/8.02x/2013_Spring -> MITx/7.00x/2013_Spring -> MITx/3.091x/2012_Fall -> MITx/3.091x/2013_Spring -> Capstone Project & Certification Milestone,24,Research Scientist,7.5
MHxPC130232144,At-Risk Learner,"['Computer Science', 'Biology', 'Chemistry']",0.0,Needs Foundation Support,HarvardX/CS50x/2012 -> MITx/6.00x/2012_Fall -> MITx/6.00x/2013_Spring -> MITx/7.00x/2013_Spring -> MITx/3.091x/2012_Fall -> Capstone Project & Certification Milestone,24,Software Engineer,15.0
MHxPC130169998,Casual Explorer,"['Computer Science', 'Biology', 'Chemistry']",0.0,Needs Foundation Support,HarvardX/CS50x/2012 -> MITx/6.00x/2012_Fall -> MITx/6.00x/2013_Spring -> MITx/7.00x/2013_Spring -> MITx/3.091x/2012_Fall -> Capstone Project & Certification Milestone,24,Software Engineer,15.0
MHxPC130473242,At-Risk Learner,"['Biology', 'Chemistry', 'Computer Science']",0.0,Needs Foundation Support,MITx/7.00x/2013_Spring -> MITx/3.091x/2012_Fall -> MITx/3.091x/2013_Spring -> HarvardX/CS50x/2012 -> MITx/6.00x/2012_Fall -> Capstone Project & Certification Milestone,24,Public Health Analyst,10.0
MHxPC130587166,At-Risk Learner,"['Economics', 'Biology', 'Chemistry']",0.0,Needs Foundation Support,MITx/14.73x/2013_Spring -> MITx/7.00x/2013_Spring -> MITx/3.091x/2012_Fall -> MITx/3.091x/2013_Spring -> Capstone Project & Certification Milestone,20,Data Scientist,10.0
MHxPC130271024,At-Risk Learner,"['Computer Science', 'Biology', 'Chemistry']",0.0,Needs Foundation Support,HarvardX/CS50x/2012 -> MITx/6.00x/2012_Fall -> MITx/6.00x/2013_Spring -> MITx/7.00x/2013_Spring -> MITx/3.091x/2012_Fall -> Capstone Project & Certification Milestone,24,Software Engineer,15.0
MHxPC130081640,At-Risk Learner,"['Public Health', 'Biology', 'Chemistry']",0.0,Needs Foundation Support,HarvardX/PH278x/2013_Spring -> MITx/7.00x/2013_Spring -> MITx/3.091x/2012_Fall -> MITx/3.091x/2013_Spring -> Capstone Project & Certification Milestone,20,Public Health Analyst,10.0
MHxPC130492980,At-Risk Learner,"['Computer Science', 'Biology', 'Chemistry']",0.0,Needs Foundation Support,HarvardX/CS50x/2012 -> MITx/6.00x/2012_Fall -> MITx/6.00x/2013_Spring -> MITx/7.00x/2013_Spring -> MITx/3.091x/2012_Fall -> Capstone Project & Certification Milestone,24,Software Engineer,15.0
MHxPC130436696,At-Risk Learner,"['Biology', 'Chemistry', 'Computer Science']",0.0,Needs Foundation Support,MITx/7.00x/2013_Spring -> MITx/3.091x/2012_Fall -> MITx/3.091x/2013_Spring -> HarvardX/CS50x/2012 -> MITx/6.00x/2012_Fall -> Capstone Project & Certification Milestone,24,Public Health Analyst,10.0
MHxPC130262508,Steady Progressor,"['Computer Science', 'Humanities', 'Biology']",0.0,Needs Foundation Support,HarvardX/CS50x/2012 -> MITx/6.00x/2012_Fall -> MITx/6.00x/2013_Spring -> HarvardX/CB22x/2013_Spring -> HarvardX/ER22x/2013_Spring -> Capstone Project & Certification Milestone,24,Software Engineer,15.0
MHxPC130407327,Casual Explorer,"['Economics', 'Biology', 'Chemistry']",0.0,Needs Foundation Support,MITx/14.73x/2013_Spring -> MITx/7.00x/2013_Spring -> MITx/3.091x/2012_Fall -> MITx/3.091x/2013_Spring -> Capstone Project & Certification Milestone,20,Data Scientist,10.0
MHxPC130232339,Casual Explorer,"['Computer Science', 'Biology', 'Chemistry']",0.4,Needs Foundation Support,HarvardX/CS50x/2012 -> MITx/6.00x/2012_Fall -> MITx/6.00x/2013_Spring -> MITx/7.00x/2013_Spring -> MITx/3.091x/2012_Fall -> Capstone Project & Certification Milestone,24,Software Engineer,15.0
MHxPC130390752,At-Risk Learner,"['Humanities', 'Biology', 'Chemistry']",0.0,Needs Foundation Support,HarvardX/CB22x/2013_Spring -> HarvardX/ER22x/2013_Spring -> MITx/7.00x/2013_Spring -> MITx/3.091x/2012_Fall -> MITx/3.091x/2013_Spring -> Capstone Project & Certification Milestone,24,Data Scientist,0.0
MHxPC130027550,At-Risk Learner,"['Computer Science', 'Biology', 'Chemistry']",0.0,Needs Foundation Support,HarvardX/CS50x/2012 -> MITx/6.00x/2012_Fall -> MITx/6.00x/2013_Spring -> MITx/7.00x/2013_Spring -> MITx/3.091x/2012_Fall -> Capstone Project & Certification Milestone,24,Software Engineer,15.0
MHxPC130209227,At-Risk Learner,"['Computer Science', 'Biology', 'Chemistry']",0.0,Needs Foundation Support,HarvardX/CS50x/2012 -> MITx/6.00x/2012_Fall -> MITx/6.00x/2013_Spring -> MITx/7.00x/2013_Spring -> MITx/3.091x/2012_Fall -> Capstone Project & Certification Milestone,24,Software Engineer,15.0
MHxPC130224020,At-Risk Learner,"['Computer Science', 'Biology', 'Chemistry']",0.0,Needs Foundation Support,HarvardX/CS50x/2012 -> MITx/6.00x/2012_Fall -> MITx/6.00x/2013_Spring -> MITx/7.00x/2013_Spring -> MITx/3.091x/2012_Fall -> Capstone Project & Certification Milestone,24,Software Engineer,15.0
MHxPC130019316,Casual Explorer,"['Humanities', 'Biology', 'Chemistry']",0.6,Needs Foundation Support,HarvardX/CB22x/2013_Spring -> HarvardX/ER22x/2013_Spring -> MITx/7.00x/2013_Spring -> MITx/3.091x/2012_Fall -> MITx/3.091x/2013_Spring -> Capstone Project & Certification Milestone,24,Data Scientist,0.0
MHxPC130107717,Casual Explorer,"['Statistics & Public Health', 'Biology', 'Chemistry']",0.0,Needs Foundation Support,HarvardX/PH207x/2012_Fall -> MITx/7.00x/2013_Spring -> MITx/3.091x/2012_Fall -> MITx/3.091x/2013_Spring -> Capstone Project & Certification Milestone,20,Data Scientist,10.0
MHxPC130060414,Casual Explorer,"['Computer Science', 'Biology', 'Chemistry']",0.0,Needs Foundation Support,HarvardX/CS50x/2012 -> MITx/6.00x/2012_Fall -> MITx/6.00x/2013_Spring -> MITx/7.00x/2013_Spring -> MITx/3.091x/2012_Fall -> Capstone Project & Certification Milestone,24,Software Engineer,15.0
MHxPC130453213,At-Risk Learner,"['Computer Science', 'Biology', 'Chemistry']",0.0,Needs Foundation Support,HarvardX/CS50x/2012 -> MITx/6.00x/2012_Fall -> MITx/6.00x/2013_Spring -> MITx/7.00x/2013_Spring -> MITx/3.091x/2012_Fall -> Capstone Project & Certification Milestone,24,Software Engineer,15.0
MHxPC130065982,Casual Explorer,"['Chemistry', 'Biology', 'Computer Science']",0.0,Needs Foundation Support,MITx/3.091x/2012_Fall -> MITx/3.091x/2013_Spring -> MITx/7.00x/2013_Spring -> HarvardX/CS50x/2012 -> MITx/6.00x/2012_Fall -> Capstone Project & Certification Milestone,24,Research Scientist,7.5
MHxPC130491867,At-Risk Learner,"['Computer Science', 'Biology', 'Chemistry']",0.0,Needs Foundation Support,HarvardX/CS50x/2012 -> MITx/6.00x/2012_Fall -> MITx/6.00x/2013_Spring -> MITx/7.00x/2013_Spring -> MITx/3.091x/2012_Fall -> Capstone Project & Certification Milestone,24,Software Engineer,15.0
MHxPC130446090,At-Risk Learner,"['Engineering', 'Biology', 'Chemistry']",0.0,Needs Foundation Support,MITx/6.002x/2012_Fall -> MITx/6.002x/2013_Spring -> MITx/2.01x/2013_Spring -> MITx/7.00x/2013_Spring -> MITx/3.091x/2012_Fall -> Capstone Project & Certification Milestone,24,Software Engineer,15.0
MHxPC130422751,At-Risk Learner,"['Humanities', 'Biology', 'Chemistry']",0.0,Needs Foundation Support,HarvardX/CB22x/2013_Spring -> HarvardX/ER22x/2013_Spring -> MITx/7.00x/2013_Spring -> MITx/3.091x/2012_Fall -> MITx/3.091x/2013_Spring -> Capstone Project & Certification Milestone,24,Data Scientist,0.0
MHxPC130501865,At-Risk Learner,"['Humanities', 'Biology', 'Chemistry']",0.0,Needs Foundation Support,HarvardX/CB22x/2013_Spring -> HarvardX/ER22x/2013_Spring -> MITx/7.00x/2013_Spring -> MITx/3.091x/2012_Fall -> MITx/3.091x/2013_Spring -> Capstone Project & Certification Milestone,24,Data Scientist,0.0
MHxPC130192936,At-Risk Learner,"['Chemistry', 'Biology', 'Computer Science']",0.0,Needs Foundation Support,MITx/3.091x/2012_Fall -> MITx/3.091x/2013_Spring -> MITx/7.00x/2013_Spring -> HarvardX/CS50x/2012 -> MITx/6.00x/2012_Fall -> Capstone Project & Certification Milestone,24,Research Scientist,7.5
MHxPC130096675,At-Risk Learner,"['Engineering', 'Biology', 'Chemistry']",0.0,Needs Foundation Support,MITx/6.002x/2012_Fall -> MITx/6.002x/2013_Spring -> MITx/2.01x/2013_Spring -> MITx/7.00x/2013_Spring -> MITx/3.091x/2012_Fall -> Capstone Project & Certification Milestone,24,Software Engineer,15.0
MHxPC130423945,At-Risk Learner,"['Engineering', 'Biology', 'Chemistry']",0.0,Needs Foundation Support,MITx/6.002x/2012_Fall -> MITx/6.002x/2013_Spring -> MITx/2.01x/2013_Spring -> MITx/7.00x/2013_Spring -> MITx/3.091x/2012_Fall -> Capstone Project & Certification Milestone,24,Software Engineer,15.0
MHxPC130048537,At-Risk Learner,"['Physics', 'Biology', 'Chemistry']",0.0,Needs Foundation Support,MITx/8.MReV/2013_Summer -> MITx/8.02x/2013_Spring -> MITx/7.00x/2013_Spring -> MITx/3.091x/2012_Fall -> MITx/3.091x/2013_Spring -> Capstone Project & Certification Milestone,24,Research Scientist,7.5
MHxPC130043682,At-Risk Learner,"['Computer Science', 'Biology', 'Chemistry']",0.0,Needs Foundation Support,HarvardX/CS50x/2012 -> MITx/6.00x/2012_Fall -> MITx/6.00x/2013_Spring -> MITx/7.00x/2013_Spring -> MITx/3.091x/2012_Fall -> Capstone Project & Certification Milestone,24,Software Engineer,15.0
MHxPC130109754,At-Risk Learner,"['Computer Science', 'Biology', 'Chemistry']",0.0,Needs Foundation Support,HarvardX/CS50x/2012 -> MITx/6.00x/2012_Fall -> MITx/6.00x/2013_Spring -> MITx/7.00x/2013_Spring -> MITx/3.091x/2012_Fall -> Capstone Project & Certification Milestone,24,Software Engineer,15.0
MHxPC130461052,High Achiever,"['Biology', 'Chemistry', 'Computer Science']",99.4,Ready for Advanced,MITx/7.00x/2013_Spring -> MITx/3.091x/2012_Fall -> MITx/3.091x/2013_Spring -> HarvardX/CS50x/2012 -> MITx/6.00x/2012_Fall -> Capstone Project & Certification Milestone,18,Data Scientist,33.3
MHxPC130486112,Casual Explorer,"['Humanities', 'Biology', 'Chemistry']",0.0,Needs Foundation Support,HarvardX/CB22x/2013_Spring -> HarvardX/ER22x/2013_Spring -> MITx/7.00x/2013_Spring -> MITx/3.091x/2012_Fall -> MITx/3.091x/2013_Spring -> Capstone Project & Certification Milestone,24,Data Scientist,0.0
MHxPC130219536,At-Risk Learner,"['Computer Science', 'Biology', 'Chemistry']",0.0,Needs Foundation Support,HarvardX/CS50x/2012 -> MITx/6.00x/2012_Fall -> MITx/6.00x/2013_Spring -> MITx/7.00x/2013_Spring -> MITx/3.091x/2012_Fall -> Capstone Project & Certification Milestone,24,Software Engineer,15.0
MHxPC130256800,At-Risk Learner,"['Humanities', 'Biology', 'Chemistry']",0.0,Needs Foundation Support,HarvardX/CB22x/2013_Spring -> HarvardX/ER22x/2013_Spring -> MITx/7.00x/2013_Spring -> MITx/3.091x/2012_Fall -> MITx/3.091x/2013_Spring -> Capstone Project & Certification Milestone,24,Data Scientist,0.0
MHxPC130520992,Casual Explorer,"['Computer Science', 'Biology', 'Chemistry']",0.0,Needs Foundation Support,HarvardX/CS50x/2012 -> MITx/6.00x/2012_Fall -> MITx/6.00x/2013_Spring -> MITx/7.00x/2013_Spring -> MITx/3.091x/2012_Fall -> Capstone Project & Certification Milestone,24,Software Engineer,15.0
MHxPC130530659,High Achiever,"['Biology', 'Economics', 'Engineering']",66.6,Building Readiness,MITx/7.00x/2013_Spring -> MITx/14.73x/2013_Spring -> MITx/6.002x/2012_Fall -> MITx/6.002x/2013_Spring -> MITx/2.01x/2013_Spring -> Capstone Project & Certification Milestone,24,Software Engineer,50.0
MHxPC130322874,Casual Explorer,"['Computer Science', 'Biology', 'Chemistry']",0.2,Needs Foundation Support,HarvardX/CS50x/2012 -> MITx/6.00x/2012_Fall -> MITx/6.00x/2013_Spring -> MITx/7.00x/2013_Spring -> MITx/3.091x/2012_Fall -> Capstone Project & Certification Milestone,24,Software Engineer,15.0
MHxPC130499228,At-Risk Learner,"['Humanities', 'Biology', 'Chemistry']",0.0,Needs Foundation Support,HarvardX/CB22x/2013_Spring -> HarvardX/ER22x/2013_Spring -> MITx/7.00x/2013_Spring -> MITx/3.091x/2012_Fall -> MITx/3.091x/2013_Spring -> Capstone Project & Certification Milestone,24,Data Scientist,0.0
MHxPC130434631,Casual Explorer,"['Humanities', 'Biology', 'Chemistry']",0.0,Needs Foundation Support,HarvardX/CB22x/2013_Spring -> HarvardX/ER22x/2013_Spring -> MITx/7.00x/2013_Spring -> MITx/3.091x/2012_Fall -> MITx/3.091x/2013_Spring -> Capstone Project & Certification Milestone,24,Data Scientist,0.0
MHxPC130081792,At-Risk Learner,"['Computer Science', 'Biology', 'Chemistry']",0.0,Needs Foundation Support,HarvardX/CS50x/2012 -> MITx/6.00x/2012_Fall -> MITx/6.00x/2013_Spring -> MITx/7.00x/2013_Spring -> MITx/3.091x/2012_Fall -> Capstone Project & Certification Milestone,24,Software Engineer,15.0
MHxPC130450825,At-Risk Learner,"['Computer Science', 'Biology', 'Chemistry']",0.0,Needs Foundation Support,HarvardX/CS50x/2012 -> MITx/6.00x/2012_Fall -> MITx/6.00x/2013_Spring -> MITx/7.00x/2013_Spring -> MITx/3.091x/2012_Fall -> Capstone Project & Certification Milestone,24,Software Engineer,15.0
MHxPC130108301,At-Risk Learner,"['Computer Science', 'Biology', 'Chemistry']",0.3,Needs Foundation Support,HarvardX/CS50x/2012 -> MITx/6.00x/2012_Fall -> MITx/6.00x/2013_Spring -> MITx/7.00x/2013_Spring -> MITx/3.091x/2012_Fall -> Capstone Project & Certification Milestone,24,Software Engineer,15.0
MHxPC130504282,At-Risk Learner,"['Humanities', 'Biology', 'Chemistry']",0.0,Needs Foundation Support,HarvardX/CB22x/2013_Spring -> HarvardX/ER22x/2013_Spring -> MITx/7.00x/2013_Spring -> MITx/3.091x/2012_Fall -> MITx/3.091x/2013_Spring -> Capstone Project & Certification Milestone,24,Data Scientist,0.0
MHxPC130500780,At-Risk Learner,"['Statistics & Public Health', 'Biology', 'Chemistry']",0.0,Needs Foundation Support,HarvardX/PH207x/2012_Fall -> MITx/7.00x/2013_Spring -> MITx/3.091x/2012_Fall -> MITx/3.091x/2013_Spring -> Capstone Project & Certification Milestone,20,Data Scientist,10.0
MHxPC130325879,At-Risk Learner,"['Computer Science', 'Biology', 'Chemistry']",0.0,Needs Foundation Support,HarvardX/CS50x/2012 -> MITx/6.00x/2012_Fall -> MITx/6.00x/2013_Spring -> MITx/7.00x/2013_Spring -> MITx/3.091x/2012_Fall -> Capstone Project & Certification Milestone,24,Software Engineer,15.0
MHxPC130229047,At-Risk Learner,"['Computer Science', 'Biology', 'Chemistry']",0.0,Needs Foundation Support,HarvardX/CS50x/2012 -> MITx/6.00x/2012_Fall -> MITx/6.00x/2013_Spring -> MITx/7.00x/2013_Spring -> MITx/3.091x/2012_Fall -> Capstone Project & Certification Milestone,24,Software Engineer,15.0
MHxPC130359099,At-Risk Learner,"['Physics', 'Biology', 'Chemistry']",0.0,Needs Foundation Support,MITx/8.MReV/2013_Summer -> MITx/8.02x/2013_Spring -> MITx/7.00x/2013_Spring -> MITx/3.091x/2012_Fall -> MITx/3.091x/2013_Spring -> Capstone Project & Certification Milestone,24,Research Scientist,7.5
MHxPC130341726,At-Risk Learner,"['Computer Science', 'Biology', 'Chemistry']",0.0,Needs Foundation Support,HarvardX/CS50x/2012 -> MITx/6.00x/2012_Fall -> MITx/6.00x/2013_Spring -> MITx/7.00x/2013_Spring -> MITx/3.091x/2012_Fall -> Capstone Project & Certification Milestone,24,Software Engineer,15.0
MHxPC130102158,At-Risk Learner,"['Computer Science', 'Biology', 'Chemistry']",0.0,Needs Foundation Support,HarvardX/CS50x/2012 -> MITx/6.00x/2012_Fall -> MITx/6.00x/2013_Spring -> MITx/7.00x/2013_Spring -> MITx/3.091x/2012_Fall -> Capstone Project & Certification Milestone,24,Software Engineer,15.0
MHxPC130456582,Steady Progressor,"['Humanities', 'Public Health', 'Biology']",1.3,Needs Foundation Support,HarvardX/CB22x/2013_Spring -> HarvardX/ER22x/2013_Spring -> HarvardX/PH278x/2013_Spring -> MITx/7.00x/2013_Spring -> Capstone Project & Certification Milestone,20,Public Health Analyst,10.0
MHxPC130432763,Casual Explorer,"['Computer Science', 'Engineering', 'Biology']",0.1,Needs Foundation Support,HarvardX/CS50x/2012 -> MITx/6.00x/2012_Fall -> MITx/6.00x/2013_Spring -> MITx/6.002x/2012_Fall -> MITx/6.002x/2013_Spring -> Capstone Project & Certification Milestone,24,Software Engineer,30.0
MHxPC130132749,At-Risk Learner,"['Computer Science', 'Biology', 'Chemistry']",0.0,Needs Foundation Support,HarvardX/CS50x/2012 -> MITx/6.00x/2012_Fall -> MITx/6.00x/2013_Spring -> MITx/7.00x/2013_Spring -> MITx/3.091x/2012_Fall -> Capstone Project & Certification Milestone,24,Software Engineer,15.0
MHxPC130203368,At-Risk Learner,"['Public Health', 'Biology', 'Chemistry']",0.0,Needs Foundation Support,HarvardX/PH278x/2013_Spring -> MITx/7.00x/2013_Spring -> MITx/3.091x/2012_Fall -> MITx/3.091x/2013_Spring -> Capstone Project & Certification Milestone,20,Public Health Analyst,10.0
MHxPC130571285,Casual Explorer,"['Physics', 'Biology', 'Chemistry']",0.0,Needs Foundation Support,MITx/8.MReV/2013_Summer -> MITx/8.02x/2013_Spring -> MITx/7.00x/2013_Spring -> MITx/3.091x/2012_Fall -> MITx/3.091x/2013_Spring -> Capstone Project & Certification Milestone,24,Research Scientist,7.5
MHxPC130499273,At-Risk Learner,"['Computer Science', 'Biology', 'Chemistry']",0.0,Needs Foundation Support,HarvardX/CS50x/2012 -> MITx/6.00x/2012_Fall -> MITx/6.00x/2013_Spring -> MITx/7.00x/2013_Spring -> MITx/3.091x/2012_Fall -> Capstone Project & Certification Milestone,24,Software Engineer,15.0
MHxPC130351982,At-Risk Learner,"['Computer Science', 'Biology', 'Chemistry']",0.0,Needs Foundation Support,HarvardX/CS50x/2012 -> MITx/6.00x/2012_Fall -> MITx/6.00x/2013_Spring -> MITx/7.00x/2013_Spring -> MITx/3.091x/2012_Fall -> Capstone Project & Certification Milestone,24,Software Engineer,15.0
MHxPC130413178,At-Risk Learner,"['Computer Science', 'Biology', 'Chemistry']",0.0,Needs Foundation Support,HarvardX/CS50x/2012 -> MITx/6.00x/2012_Fall -> MITx/6.00x/2013_Spring -> MITx/7.00x/2013_Spring -> MITx/3.091x/2012_Fall -> Capstone Project & Certification Milestone,24,Software Engineer,15.0
MHxPC130346171,High Achiever,"['Biology', 'Chemistry', 'Economics']",99.2,Ready for Advanced,MITx/7.00x/2013_Spring -> MITx/3.091x/2012_Fall -> MITx/3.091x/2013_Spring -> MITx/14.73x/2013_Spring -> Capstone Project & Certification Milestone,15,Software Engineer,50.0
MHxPC130397634,Casual Explorer,"['Computer Science', 'Biology', 'Chemistry']",0.0,Needs Foundation Support,HarvardX/CS50x/2012 -> MITx/6.00x/2012_Fall -> MITx/6.00x/2013_Spring -> MITx/7.00x/2013_Spring -> MITx/3.091x/2012_Fall -> Capstone Project & Certification Milestone,24,Software Engineer,15.0
MHxPC130229451,Casual Explorer,"['Engineering', 'Physics', 'Biology']",0.0,Needs Foundation Support,MITx/6.002x/2012_Fall -> MITx/6.002x/2013_Spring -> MITx/2.01x/2013_Spring -> MITx/8.MReV/2013_Summer -> MITx/8.02x/2013_Spring -> Capstone Project & Certification Milestone,24,Software Engineer,15.0
MHxPC130272611,At-Risk Learner,"['Computer Science', 'Biology', 'Chemistry']",0.0,Needs Foundation Support,HarvardX/CS50x/2012 -> MITx/6.00x/2012_Fall -> MITx/6.00x/2013_Spring -> MITx/7.00x/2013_Spring -> MITx/3.091x/2012_Fall -> Capstone Project & Certification Milestone,24,Software Engineer,15.0
MHxPC130240866,Casual Explorer,"['Computer Science', 'Biology', 'Chemistry']",0.0,Needs Foundation Support,HarvardX/CS50x/2012 -> MITx/6.00x/2012_Fall -> MITx/6.00x/2013_Spring -> MITx/7.00x/2013_Spring -> MITx/3.091x/2012_Fall -> Capstone Project & Certification Milestone,24,Software Engineer,15.0
MHxPC130377923,At-Risk Learner,"['Engineering', 'Biology', 'Chemistry']",0.0,Needs Foundation Support,MITx/6.002x/2012_Fall -> MITx/6.002x/2013_Spring -> MITx/2.01x/2013_Spring -> MITx/7.00x/2013_Spring -> MITx/3.091x/2012_Fall -> Capstone Project & Certification Milestone,24,Software Engineer,15.0
MHxPC130163445,At-Risk Learner,"['Engineering', 'Biology', 'Chemistry']",0.0,Needs Foundation Support,MITx/6.002x/2012_Fall -> MITx/6.002x/2013_Spring -> MITx/2.01x/2013_Spring -> MITx/7.00x/2013_Spring -> MITx/3.091x/2012_Fall -> Capstone Project & Certification Milestone,24,Software Engineer,15.0
MHxPC130132780,Casual Explorer,"['Statistics & Public Health', 'Biology', 'Chemistry']",0.0,Needs Foundation Support,HarvardX/PH207x/2012_Fall -> MITx/7.00x/2013_Spring -> MITx/3.091x/2012_Fall -> MITx/3.091x/2013_Spring -> Capstone Project & Certification Milestone,20,Data Scientist,10.0
MHxPC130073329,At-Risk Learner,"['Computer Science', 'Biology', 'Chemistry']",0.0,Needs Foundation Support,HarvardX/CS50x/2012 -> MITx/6.00x/2012_Fall -> MITx/6.00x/2013_Spring -> MITx/7.00x/2013_Spring -> MITx/3.091x/2012_Fall -> Capstone Project & Certification Milestone,24,Software Engineer,15.0
MHxPC130488310,At-Risk Learner,"['Humanities', 'Biology', 'Chemistry']",0.0,Needs Foundation Support,HarvardX/CB22x/2013_Spring -> HarvardX/ER22x/2013_Spring -> MITx/7.00x/2013_Spring -> MITx/3.091x/2012_Fall -> MITx/3.091x/2013_Spring -> Capstone Project & Certification Milestone,24,Data Scientist,0.0
MHxPC130145483,At-Risk Learner,"['Engineering', 'Biology', 'Chemistry']",0.0,Needs Foundation Support,MITx/6.002x/2012_Fall -> MITx/6.002x/2013_Spring -> MITx/2.01x/2013_Spring -> MITx/7.00x/2013_Spring -> MITx/3.091x/2012_Fall -> Capstone Project & Certification Milestone,24,Software Engineer,15.0
MHxPC130467799,At-Risk Learner,"['Humanities', 'Biology', 'Chemistry']",0.0,Needs Foundation Support,HarvardX/CB22x/2013_Spring -> HarvardX/ER22x/2013_Spring -> MITx/7.00x/2013_Spring -> MITx/3.091x/2012_Fall -> MITx/3.091x/2013_Spring -> Capstone Project & Certification Milestone,24,Data Scientist,0.0
MHxPC130075038,At-Risk Learner,"['Humanities', 'Biology', 'Chemistry']",0.0,Needs Foundation Support,HarvardX/CB22x/2013_Spring -> HarvardX/ER22x/2013_Spring -> MITx/7.00x/2013_Spring -> MITx/3.091x/2012_Fall -> MITx/3.091x/2013_Spring -> Capstone Project & Certification Milestone,24,Data Scientist,0.0
MHxPC130043184,At-Risk Learner,"['Computer Science', 'Biology', 'Chemistry']",0.0,Needs Foundation Support,HarvardX/CS50x/2012 -> MITx/6.00x/2012_Fall -> MITx/6.00x/2013_Spring -> MITx/7.00x/2013_Spring -> MITx/3.091x/2012_Fall -> Capstone Project & Certification Milestone,24,Software Engineer,15.0
MHxPC130485717,At-Risk Learner,"['Computer Science', 'Biology', 'Chemistry']",0.0,Needs Foundation Support,HarvardX/CS50x/2012 -> MITx/6.00x/2012_Fall -> MITx/6.00x/2013_Spring -> MITx/7.00x/2013_Spring -> MITx/3.091x/2012_Fall -> Capstone Project & Certification Milestone,24,Software Engineer,15.0
MHxPC130355603,At-Risk Learner,"['Engineering', 'Biology', 'Chemistry']",0.0,Needs Foundation Support,MITx/6.002x/2012_Fall -> MITx/6.002x/2013_Spring -> MITx/2.01x/2013_Spring -> MITx/7.00x/2013_Spring -> MITx/3.091x/2012_Fall -> Capstone Project & Certification Milestone,24,Software Engineer,15.0
MHxPC130237016,High Achiever,"['Chemistry', 'Computer Science', 'Economics']",49.8,Building Readiness,MITx/3.091x/2012_Fall -> MITx/3.091x/2013_Spring -> HarvardX/CS50x/2012 -> MITx/6.00x/2012_Fall -> MITx/6.00x/2013_Spring -> Capstone Project & Certification Milestone,24,Public Health Analyst,33.3
MHxPC130494652,At-Risk Learner,"['Chemistry', 'Biology', 'Computer Science']",0.0,Needs Foundation Support,MITx/3.091x/2012_Fall -> MITx/3.091x/2013_Spring -> MITx/7.00x/2013_Spring -> HarvardX/CS50x/2012 -> MITx/6.00x/2012_Fall -> Capstone Project & Certification Milestone,24,Research Scientist,7.5
MHxPC130184125,Casual Explorer,"['Computer Science', 'Engineering', 'Biology']",0.1,Needs Foundation Support,HarvardX/CS50x/2012 -> MITx/6.00x/2012_Fall -> MITx/6.00x/2013_Spring -> MITx/6.002x/2012_Fall -> MITx/6.002x/2013_Spring -> Capstone Project & Certification Milestone,24,Software Engineer,30.0
MHxPC130310969,At-Risk Learner,"['Statistics & Public Health', 'Biology', 'Chemistry']",0.0,Needs Foundation Support,HarvardX/PH207x/2012_Fall -> MITx/7.00x/2013_Spring -> MITx/3.091x/2012_Fall -> MITx/3.091x/2013_Spring -> Capstone Project & Certification Milestone,20,Data Scientist,10.0
MHxPC130218065,Casual Explorer,"['Economics', 'Biology', 'Chemistry']",0.0,Needs Foundation Support,MITx/14.73x/2013_Spring -> MITx/7.00x/2013_Spring -> MITx/3.091x/2012_Fall -> MITx/3.091x/2013_Spring -> Capstone Project & Certification Milestone,20,Data Scientist,10.0
MHxPC130257215,At-Risk Learner,"['Physics', 'Biology', 'Chemistry']",0.0,Needs Foundation Support,MITx/8.MReV/2013_Summer -> MITx/8.02x/2013_Spring -> MITx/7.00x/2013_Spring -> MITx/3.091x/2012_Fall -> MITx/3.091x/2013_Spring -> Capstone Project & Certification Milestone,24,Research Scientist,7.5
MHxPC130088911,At-Risk Learner,"['Computer Science', 'Biology', 'Chemistry']",0.0,Needs Foundation Support,HarvardX/CS50x/2012 -> MITx/6.00x/2012_Fall -> MITx/6.00x/2013_Spring -> MITx/7.00x/2013_Spring -> MITx/3.091x/2012_Fall -> Capstone Project & Certification Milestone,24,Software Engineer,15.0
MHxPC130280051,Steady Progressor,"['Humanities', 'Physics', 'Biology']",0.0,Needs Foundation Support,HarvardX/CB22x/2013_Spring -> HarvardX/ER22x/2013_Spring -> MITx/8.MReV/2013_Summer -> MITx/8.02x/2013_Spring -> MITx/7.00x/2013_Spring -> Capstone Project & Certification Milestone,24,Research Scientist,7.5
MHxPC130396667,At-Risk Learner,"['Economics', 'Biology', 'Chemistry']",0.0,Needs Foundation Support,MITx/14.73x/2013_Spring -> MITx/7.00x/2013_Spring -> MITx/3.091x/2012_Fall -> MITx/3.091x/2013_Spring -> Capstone Project & Certification Milestone,20,Data Scientist,10.0
MHxPC130465074,At-Risk Learner,"['Humanities', 'Biology', 'Chemistry']",0.0,Needs Foundation Support,HarvardX/CB22x/2013_Spring -> HarvardX/ER22x/2013_Spring -> MITx/7.00x/2013_Spring -> MITx/3.091x/2012_Fall -> MITx/3.091x/2013_Spring -> Capstone Project & Certification Milestone,24,Data Scientist,0.0
MHxPC130043271,At-Risk Learner,"['Physics', 'Biology', 'Chemistry']",0.0,Needs Foundation Support,MITx/8.MReV/2013_Summer -> MITx/8.02x/2013_Spring -> MITx/7.00x/2013_Spring -> MITx/3.091x/2012_Fall -> MITx/3.091x/2013_Spring -> Capstone Project & Certification Milestone,24,Research Scientist,7.5
MHxPC130006354,Casual Explorer,"['Computer Science', 'Biology', 'Chemistry']",1.2,Needs Foundation Support,HarvardX/CS50x/2012 -> MITx/6.00x/2012_Fall -> MITx/6.00x/2013_Spring -> MITx/7.00x/2013_Spring -> MITx/3.091x/2012_Fall -> Capstone Project & Certification Milestone,24,Software Engineer,15.0
MHxPC130413728,Steady Progressor,"['Economics', 'Computer Science', 'Humanities']",0.0,Needs Foundation Support,MITx/14.73x/2013_Spring -> HarvardX/CS50x/2012 -> MITx/6.00x/2012_Fall -> MITx/6.00x/2013_Spring -> HarvardX/CB22x/2013_Spring -> Capstone Project & Certification Milestone,24,Data Scientist,20.0
MHxPC130069043,At-Risk Learner,"['Computer Science', 'Biology', 'Chemistry']",0.0,Needs Foundation Support,HarvardX/CS50x/2012 -> MITx/6.00x/2012_Fall -> MITx/6.00x/2013_Spring -> MITx/7.00x/2013_Spring -> MITx/3.091x/2012_Fall -> Capstone Project & Certification Milestone,24,Software Engineer,15.0
MHxPC130589531,At-Risk Learner,"['Computer Science', 'Biology', 'Chemistry']",0.0,Needs Foundation Support,HarvardX/CS50x/2012 -> MITx/6.00x/2012_Fall -> MITx/6.00x/2013_Spring -> MITx/7.00x/2013_Spring -> MITx/3.091x/2012_Fall -> Capstone Project & Certification Milestone,24,Software Engineer,15.0
MHxPC130469720,At-Risk Learner,"['Engineering', 'Computer Science', 'Biology']",0.0,Needs Foundation Support,MITx/6.002x/2012_Fall -> MITx/6.002x/2013_Spring -> MITx/2.01x/2013_Spring -> HarvardX/CS50x/2012 -> MITx/6.00x/2012_Fall -> Capstone Project & Certification Milestone,24,Software Engineer,30.0
MHxPC130007260,At-Risk Learner,"['Computer Science', 'Biology', 'Chemistry']",0.0,Needs Foundation Support,HarvardX/CS50x/2012 -> MITx/6.00x/2012_Fall -> MITx/6.00x/2013_Spring -> MITx/7.00x/2013_Spring -> MITx/3.091x/2012_Fall -> Capstone Project & Certification Milestone,24,Software Engineer,15.0
MHxPC130395747,Steady Progressor,"['Computer Science', 'Engineering', 'Biology']",0.0,Needs Foundation Support,HarvardX/CS50x/2012 -> MITx/6.00x/2012_Fall -> MITx/6.00x/2013_Spring -> MITx/6.002x/2012_Fall -> MITx/6.002x/2013_Spring -> Capstone Project & Certification Milestone,24,Software Engineer,30.0
MHxPC130454261,Casual Explorer,"['Engineering', 'Biology', 'Chemistry']",0.0,Needs Foundation Support,MITx/6.002x/2012_Fall -> MITx/6.002x/2013_Spring -> MITx/2.01x/2013_Spring -> MITx/7.00x/2013_Spring -> MITx/3.091x/2012_Fall -> Capstone Project & Certification Milestone,24,Software Engineer,15.0
MHxPC130199821,High Achiever,"['Biology', 'Chemistry', 'Economics']",99.2,Ready for Advanced,MITx/7.00x/2013_Spring -> MITx/3.091x/2012_Fall -> MITx/3.091x/2013_Spring -> MITx/14.73x/2013_Spring -> Capstone Project & Certification Milestone,15,Software Engineer,50.0
MHxPC130512781,At-Risk Learner,"['Computer Science', 'Biology', 'Chemistry']",0.0,Needs Foundation Support,HarvardX/CS50x/2012 -> MITx/6.00x/2012_Fall -> MITx/6.00x/2013_Spring -> MITx/7.00x/2013_Spring -> MITx/3.091x/2012_Fall -> Capstone Project & Certification Milestone,24,Software Engineer,15.0
MHxPC130157142,At-Risk Learner,"['Physics', 'Biology', 'Chemistry']",0.0,Needs Foundation Support,MITx/8.MReV/2013_Summer -> MITx/8.02x/2013_Spring -> MITx/7.00x/2013_Spring -> MITx/3.091x/2012_Fall -> MITx/3.091x/2013_Spring -> Capstone Project & Certification Milestone,24,Research Scientist,7.5
MHxPC130207122,Casual Explorer,"['Statistics & Public Health', 'Public Health', 'Biology']",0.0,Needs Foundation Support,HarvardX/PH207x/2012_Fall -> HarvardX/PH278x/2013_Spring -> MITx/7.00x/2013_Spring -> Capstone Project & Certification Milestone,16,Public Health Analyst,20.0
MHxPC130303699,At-Risk Learner,"['Computer Science', 'Biology', 'Chemistry']",0.0,Needs Foundation Support,HarvardX/CS50x/2012 -> MITx/6.00x/2012_Fall -> MITx/6.00x/2013_Spring -> MITx/7.00x/2013_Spring -> MITx/3.091x/2012_Fall -> Capstone Project & Certification Milestone,24,Software Engineer,15.0
MHxPC130079977,At-Risk Learner,"['Statistics & Public Health', 'Public Health', 'Biology']",0.0,Needs Foundation Support,HarvardX/PH207x/2012_Fall -> HarvardX/PH278x/2013_Spring -> MITx/7.00x/2013_Spring -> Capstone Project & Certification Milestone,16,Public Health Analyst,20.0
MHxPC130047361,At-Risk Learner,"['Chemistry', 'Biology', 'Computer Science']",0.0,Needs Foundation Support,MITx/3.091x/2012_Fall -> MITx/3.091x/2013_Spring -> MITx/7.00x/2013_Spring -> HarvardX/CS50x/2012 -> MITx/6.00x/2012_Fall -> Capstone Project & Certification Milestone,24,Research Scientist,7.5
MHxPC130041547,At-Risk Learner,"['Public Health', 'Biology', 'Chemistry']",0.0,Needs Foundation Support,HarvardX/PH278x/2013_Spring -> MITx/7.00x/2013_Spring -> MITx/3.091x/2012_Fall -> MITx/3.091x/2013_Spring -> Capstone Project & Certification Milestone,20,Public Health Analyst,10.0
MHxPC130242388,Casual Explorer,"['Economics', 'Biology', 'Chemistry']",0.0,Needs Foundation Support,MITx/14.73x/2013_Spring -> MITx/7.00x/2013_Spring -> MITx/3.091x/2012_Fall -> MITx/3.091x/2013_Spring -> Capstone Project & Certification Milestone,20,Data Scientist,10.0
MHxPC130413856,At-Risk Learner,"['Computer Science', 'Biology', 'Chemistry']",0.0,Needs Foundation Support,HarvardX/CS50x/2012 -> MITx/6.00x/2012_Fall -> MITx/6.00x/2013_Spring -> MITx/7.00x/2013_Spring -> MITx/3.091x/2012_Fall -> Capstone Project & Certification Milestone,24,Software Engineer,15.0
MHxPC130274316,Casual Explorer,"['Computer Science', 'Biology', 'Chemistry']",0.0,Needs Foundation Support,HarvardX/CS50x/2012 -> MITx/6.00x/2012_Fall -> MITx/6.00x/2013_Spring -> MITx/7.00x/2013_Spring -> MITx/3.091x/2012_Fall -> Capstone Project & Certification Milestone,24,Software Engineer,15.0
MHxPC130300966,Casual Explorer,"['Computer Science', 'Biology', 'Chemistry']",1.6,Needs Foundation Support,HarvardX/CS50x/2012 -> MITx/6.00x/2012_Fall -> MITx/6.00x/2013_Spring -> MITx/7.00x/2013_Spring -> MITx/3.091x/2012_Fall -> Capstone Project & Certification Milestone,24,Software Engineer,15.0
MHxPC130056415,Casual Explorer,"['Computer Science', 'Biology', 'Chemistry']",0.0,Needs Foundation Support,HarvardX/CS50x/2012 -> MITx/6.00x/2012_Fall -> MITx/6.00x/2013_Spring -> MITx/7.00x/2013_Spring -> MITx/3.091x/2012_Fall -> Capstone Project & Certification Milestone,24,Software Engineer,15.0
MHxPC130247431,At-Risk Learner,"['Engineering', 'Biology', 'Chemistry']",0.0,Needs Foundation Support,MITx/6.002x/2012_Fall -> MITx/6.002x/2013_Spring -> MITx/2.01x/2013_Spring -> MITx/7.00x/2013_Spring -> MITx/3.091x/2012_Fall -> Capstone Project & Certification Milestone,24,Software Engineer,15.0
MHxPC130193371,At-Risk Learner,"['Engineering', 'Biology', 'Chemistry']",0.0,Needs Foundation Support,MITx/6.002x/2012_Fall -> MITx/6.002x/2013_Spring -> MITx/2.01x/2013_Spring -> MITx/7.00x/2013_Spring -> MITx/3.091x/2012_Fall -> Capstone Project & Certification Milestone,24,Software Engineer,15.0
MHxPC130333089,At-Risk Learner,"['Humanities', 'Biology', 'Chemistry']",0.0,Needs Foundation Support,HarvardX/CB22x/2013_Spring -> HarvardX/ER22x/2013_Spring -> MITx/7.00x/2013_Spring -> MITx/3.091x/2012_Fall -> MITx/3.091x/2013_Spring -> Capstone Project & Certification Milestone,24,Data Scientist,0.0
MHxPC130376015,At-Risk Learner,"['Computer Science', 'Biology', 'Chemistry']",0.0,Needs Foundation Support,HarvardX/CS50x/2012 -> MITx/6.00x/2012_Fall -> MITx/6.00x/2013_Spring -> MITx/7.00x/2013_Spring -> MITx/3.091x/2012_Fall -> Capstone Project & Certification Milestone,24,Software Engineer,15.0
MHxPC130312313,Casual Explorer,"['Computer Science', 'Biology', 'Chemistry']",0.0,Needs Foundation Support,HarvardX/CS50x/2012 -> MITx/6.00x/2012_Fall -> MITx/6.00x/2013_Spring -> MITx/7.00x/2013_Spring -> MITx/3.091x/2012_Fall -> Capstone Project & Certification Milestone,24,Software Engineer,15.0
MHxPC130082057,At-Risk Learner,"['Humanities', 'Biology', 'Chemistry']",0.0,Needs Foundation Support,HarvardX/CB22x/2013_Spring -> HarvardX/ER22x/2013_Spring -> MITx/7.00x/2013_Spring -> MITx/3.091x/2012_Fall -> MITx/3.091x/2013_Spring -> Capstone Project & Certification Milestone,24,Data Scientist,0.0
MHxPC130474181,At-Risk Learner,"['Computer Science', 'Biology', 'Chemistry']",0.0,Needs Foundation Support,HarvardX/CS50x/2012 -> MITx/6.00x/2012_Fall -> MITx/6.00x/2013_Spring -> MITx/7.00x/2013_Spring -> MITx/3.091x/2012_Fall -> Capstone Project & Certification Milestone,24,Software Engineer,15.0
MHxPC130386863,At-Risk Learner,"['Public Health', 'Biology', 'Chemistry']",0.0,Needs Foundation Support,HarvardX/PH278x/2013_Spring -> MITx/7.00x/2013_Spring -> MITx/3.091x/2012_Fall -> MITx/3.091x/2013_Spring -> Capstone Project & Certification Milestone,20,Public Health Analyst,10.0
MHxPC130434108,Casual Explorer,"['Public Health', 'Biology', 'Chemistry']",0.0,Needs Foundation Support,HarvardX/PH278x/2013_Spring -> MITx/7.00x/2013_Spring -> MITx/3.091x/2012_Fall -> MITx/3.091x/2013_Spring -> Capstone Project & Certification Milestone,20,Public Health Analyst,10.0
MHxPC130543613,At-Risk Learner,"['Humanities', 'Biology', 'Chemistry']",0.0,Needs Foundation Support,HarvardX/CB22x/2013_Spring -> HarvardX/ER22x/2013_Spring -> MITx/7.00x/2013_Spring -> MITx/3.091x/2012_Fall -> MITx/3.091x/2013_Spring -> Capstone Project & Certification Milestone,24,Data Scientist,0.0
MHxPC130451249,Steady Progressor,"['Economics', 'Computer Science', 'Humanities']",0.0,Needs Foundation Support,MITx/14.73x/2013_Spring -> HarvardX/CS50x/2012 -> MITx/6.00x/2012_Fall -> MITx/6.00x/2013_Spring -> HarvardX/CB22x/2013_Spring -> Capstone Project & Certification Milestone,24,Data Scientist,20.0
MHxPC130533647,At-Risk Learner,"['Economics', 'Biology', 'Chemistry']",0.0,Needs Foundation Support,MITx/14.73x/2013_Spring -> MITx/7.00x/2013_Spring -> MITx/3.091x/2012_Fall -> MITx/3.091x/2013_Spring -> Capstone Project & Certification Milestone,20,Data Scientist,10.0
MHxPC130208654,At-Risk Learner,"['Computer Science', 'Biology', 'Chemistry']",0.0,Needs Foundation Support,HarvardX/CS50x/2012 -> MITx/6.00x/2012_Fall -> MITx/6.00x/2013_Spring -> MITx/7.00x/2013_Spring -> MITx/3.091x/2012_Fall -> Capstone Project & Certification Milestone,24,Software Engineer,15.0
MHxPC130325131,At-Risk Learner,"['Computer Science', 'Biology', 'Chemistry']",0.0,Needs Foundation Support,HarvardX/CS50x/2012 -> MITx/6.00x/2012_Fall -> MITx/6.00x/2013_Spring -> MITx/7.00x/2013_Spring -> MITx/3.091x/2012_Fall -> Capstone Project & Certification Milestone,24,Software Engineer,15.0
MHxPC130119705,At-Risk Learner,"['Humanities', 'Public Health', 'Biology']",0.0,Needs Foundation Support,HarvardX/CB22x/2013_Spring -> HarvardX/ER22x/2013_Spring -> HarvardX/PH278x/2013_Spring -> MITx/7.00x/2013_Spring -> Capstone Project & Certification Milestone,20,Public Health Analyst,10.0
MHxPC130242825,At-Risk Learner,"['Economics', 'Biology', 'Chemistry']",0.0,Needs Foundation Support,MITx/14.73x/2013_Spring -> MITx/7.00x/2013_Spring -> MITx/3.091x/2012_Fall -> MITx/3.091x/2013_Spring -> Capstone Project & Certification Milestone,20,Data Scientist,10.0
MHxPC130279978,Steady Progressor,"['Engineering', 'Biology', 'Chemistry']",0.1,Needs Foundation Support,MITx/6.002x/2012_Fall -> MITx/6.002x/2013_Spring -> MITx/2.01x/2013_Spring -> MITx/7.00x/2013_Spring -> MITx/3.091x/2012_Fall -> Capstone Project & Certification Milestone,24,Research Scientist,22.5
MHxPC130553427,At-Risk Learner,"['Computer Science', 'Biology', 'Chemistry']",0.0,Needs Foundation Support,HarvardX/CS50x/2012 -> MITx/6.00x/2012_Fall -> MITx/6.00x/2013_Spring -> MITx/7.00x/2013_Spring -> MITx/3.091x/2012_Fall -> Capstone Project & Certification Milestone,24,Software Engineer,15.0
MHxPC130175652,At-Risk Learner,"['Computer Science', 'Biology', 'Chemistry']",0.0,Needs Foundation Support,HarvardX/CS50x/2012 -> MITx/6.00x/2012_Fall -> MITx/6.00x/2013_Spring -> MITx/7.00x/2013_Spring -> MITx/3.091x/2012_Fall -> Capstone Project & Certification Milestone,24,Software Engineer,15.0
MHxPC130079249,At-Risk Learner,"['Engineering', 'Biology', 'Chemistry']",0.0,Needs Foundation Support,MITx/6.002x/2012_Fall -> MITx/6.002x/2013_Spring -> MITx/2.01x/2013_Spring -> MITx/7.00x/2013_Spring -> MITx/3.091x/2012_Fall -> Capstone Project & Certification Milestone,24,Software Engineer,15.0
MHxPC130248151,At-Risk Learner,"['Computer Science', 'Biology', 'Chemistry']",0.0,Needs Foundation Support,HarvardX/CS50x/2012 -> MITx/6.00x/2012_Fall -> MITx/6.00x/2013_Spring -> MITx/7.00x/2013_Spring -> MITx/3.091x/2012_Fall -> Capstone Project & Certification Milestone,24,Software Engineer,15.0
MHxPC130339977,Casual Explorer,"['Statistics & Public Health', 'Economics', 'Biology']",0.2,Needs Foundation Support,HarvardX/PH207x/2012_Fall -> MITx/14.73x/2013_Spring -> MITx/7.00x/2013_Spring -> Capstone Project & Certification Milestone,16,Data Scientist,20.0
MHxPC130159701,Casual Explorer,"['Statistics & Public Health', 'Biology', 'Chemistry']",4.2,Needs Foundation Support,HarvardX/PH207x/2012_Fall -> MITx/7.00x/2013_Spring -> MITx/3.091x/2012_Fall -> MITx/3.091x/2013_Spring -> Capstone Project & Certification Milestone,20,Data Scientist,10.0
MHxPC130057575,At-Risk Learner,"['Humanities', 'Public Health', 'Biology']",0.0,Needs Foundation Support,HarvardX/CB22x/2013_Spring -> HarvardX/ER22x/2013_Spring -> HarvardX/PH278x/2013_Spring -> MITx/7.00x/2013_Spring -> Capstone Project & Certification Milestone,20,Public Health Analyst,10.0
MHxPC130506380,At-Risk Learner,"['Computer Science', 'Biology', 'Chemistry']",0.0,Needs Foundation Support,HarvardX/CS50x/2012 -> MITx/6.00x/2012_Fall -> MITx/6.00x/2013_Spring -> MITx/7.00x/2013_Spring -> MITx/3.091x/2012_Fall -> Capstone Project & Certification Milestone,24,Software Engineer,15.0
MHxPC130268496,At-Risk Learner,"['Humanities', 'Public Health', 'Biology']",0.0,Needs Foundation Support,HarvardX/CB22x/2013_Spring -> HarvardX/ER22x/2013_Spring -> HarvardX/PH278x/2013_Spring -> MITx/7.00x/2013_Spring -> Capstone Project & Certification Milestone,20,Public Health Analyst,10.0
MHxPC130044379,At-Risk Learner,"['Computer Science', 'Biology', 'Chemistry']",0.0,Needs Foundation Support,HarvardX/CS50x/2012 -> MITx/6.00x/2012_Fall -> MITx/6.00x/2013_Spring -> MITx/7.00x/2013_Spring -> MITx/3.091x/2012_Fall -> Capstone Project & Certification Milestone,24,Software Engineer,15.0
MHxPC130146985,Casual Explorer,"['Computer Science', 'Biology', 'Chemistry']",0.3,Needs Foundation Support,HarvardX/CS50x/2012 -> MITx/6.00x/2012_Fall -> MITx/6.00x/2013_Spring -> MITx/7.00x/2013_Spring -> MITx/3.091x/2012_Fall -> Capstone Project & Certification Milestone,24,Software Engineer,15.0
MHxPC130166539,At-Risk Learner,"['Humanities', 'Public Health', 'Biology']",0.0,Needs Foundation Support,HarvardX/CB22x/2013_Spring -> HarvardX/ER22x/2013_Spring -> HarvardX/PH278x/2013_Spring -> MITx/7.00x/2013_Spring -> Capstone Project & Certification Milestone,20,Public Health Analyst,10.0
MHxPC130573404,Casual Explorer,"['Humanities', 'Biology', 'Chemistry']",0.0,Needs Foundation Support,HarvardX/CB22x/2013_Spring -> HarvardX/ER22x/2013_Spring -> MITx/7.00x/2013_Spring -> MITx/3.091x/2012_Fall -> MITx/3.091x/2013_Spring -> Capstone Project & Certification Milestone,24,Data Scientist,0.0
MHxPC130124827,Steady Progressor,"['Computer Science', 'Biology', 'Engineering']",0.8,Needs Foundation Support,HarvardX/CS50x/2012 -> MITx/6.00x/2012_Fall -> MITx/6.00x/2013_Spring -> MITx/7.00x/2013_Spring -> MITx/6.002x/2012_Fall -> Capstone Project & Certification Milestone,24,Software Engineer,30.0
MHxPC130570185,Casual Explorer,"['Computer Science', 'Biology', 'Chemistry']",0.0,Needs Foundation Support,HarvardX/CS50x/2012 -> MITx/6.00x/2012_Fall -> MITx/6.00x/2013_Spring -> MITx/7.00x/2013_Spring -> MITx/3.091x/2012_Fall -> Capstone Project & Certification Milestone,24,Software Engineer,15.0
MHxPC130327079,At-Risk Learner,"['Public Health', 'Biology', 'Chemistry']",0.0,Needs Foundation Support,HarvardX/PH278x/2013_Spring -> MITx/7.00x/2013_Spring -> MITx/3.091x/2012_Fall -> MITx/3.091x/2013_Spring -> Capstone Project & Certification Milestone,20,Public Health Analyst,10.0
MHxPC130544475,At-Risk Learner,"['Engineering', 'Biology', 'Chemistry']",0.0,Needs Foundation Support,MITx/6.002x/2012_Fall -> MITx/6.002x/2013_Spring -> MITx/2.01x/2013_Spring -> MITx/7.00x/2013_Spring -> MITx/3.091x/2012_Fall -> Capstone Project & Certification Milestone,24,Software Engineer,15.0
MHxPC130094579,Casual Explorer,"['Economics', 'Biology', 'Chemistry']",0.0,Needs Foundation Support,MITx/14.73x/2013_Spring -> MITx/7.00x/2013_Spring -> MITx/3.091x/2012_Fall -> MITx/3.091x/2013_Spring -> Capstone Project & Certification Milestone,20,Data Scientist,10.0
MHxPC130192150,At-Risk Learner,"['Computer Science', 'Biology', 'Chemistry']",0.0,Needs Foundation Support,HarvardX/CS50x/2012 -> MITx/6.00x/2012_Fall -> MITx/6.00x/2013_Spring -> MITx/7.00x/2013_Spring -> MITx/3.091x/2012_Fall -> Capstone Project & Certification Milestone,24,Software Engineer,15.0
MHxPC130140671,At-Risk Learner,"['Statistics & Public Health', 'Biology', 'Chemistry']",0.0,Needs Foundation Support,HarvardX/PH207x/2012_Fall -> MITx/7.00x/2013_Spring -> MITx/3.091x/2012_Fall -> MITx/3.091x/2013_Spring -> Capstone Project & Certification Milestone,20,Data Scientist,10.0
MHxPC130234530,At-Risk Learner,"['Computer Science', 'Biology', 'Chemistry']",0.0,Needs Foundation Support,HarvardX/CS50x/2012 -> MITx/6.00x/2012_Fall -> MITx/6.00x/2013_Spring -> MITx/7.00x/2013_Spring -> MITx/3.091x/2012_Fall -> Capstone Project & Certification Milestone,24,Software Engineer,15.0
MHxPC130462602,At-Risk Learner,"['Computer Science', 'Biology', 'Chemistry']",0.0,Needs Foundation Support,HarvardX/CS50x/2012 -> MITx/6.00x/2012_Fall -> MITx/6.00x/2013_Spring -> MITx/7.00x/2013_Spring -> MITx/3.091x/2012_Fall -> Capstone Project & Certification Milestone,24,Software Engineer,15.0
MHxPC130492686,At-Risk Learner,"['Statistics & Public Health', 'Biology', 'Chemistry']",0.0,Needs Foundation Support,HarvardX/PH207x/2012_Fall -> MITx/7.00x/2013_Spring -> MITx/3.091x/2012_Fall -> MITx/3.091x/2013_Spring -> Capstone Project & Certification Milestone,20,Data Scientist,10.0
MHxPC130049309,At-Risk Learner,"['Computer Science', 'Biology', 'Chemistry']",0.0,Needs Foundation Support,HarvardX/CS50x/2012 -> MITx/6.00x/2012_Fall -> MITx/6.00x/2013_Spring -> MITx/7.00x/2013_Spring -> MITx/3.091x/2012_Fall -> Capstone Project & Certification Milestone,24,Software Engineer,15.0
MHxPC130549130,At-Risk Learner,"['Public Health', 'Biology', 'Chemistry']",0.0,Needs Foundation Support,HarvardX/PH278x/2013_Spring -> MITx/7.00x/2013_Spring -> MITx/3.091x/2012_Fall -> MITx/3.091x/2013_Spring -> Capstone Project & Certification Milestone,20,Public Health Analyst,10.0
MHxPC130581456,At-Risk Learner,"['Public Health', 'Biology', 'Chemistry']",0.0,Needs Foundation Support,HarvardX/PH278x/2013_Spring -> MITx/7.00x/2013_Spring -> MITx/3.091x/2012_Fall -> MITx/3.091x/2013_Spring -> Capstone Project & Certification Milestone,20,Public Health Analyst,10.0
MHxPC130316615,Casual Explorer,"['Computer Science', 'Biology', 'Chemistry']",1.8,Needs Foundation Support,HarvardX/CS50x/2012 -> MITx/6.00x/2012_Fall -> MITx/6.00x/2013_Spring -> MITx/7.00x/2013_Spring -> MITx/3.091x/2012_Fall -> Capstone Project & Certification Milestone,24,Software Engineer,15.0
MHxPC130482894,At-Risk Learner,"['Humanities', 'Biology', 'Chemistry']",0.0,Needs Foundation Support,HarvardX/CB22x/2013_Spring -> HarvardX/ER22x/2013_Spring -> MITx/7.00x/2013_Spring -> MITx/3.091x/2012_Fall -> MITx/3.091x/2013_Spring -> Capstone Project & Certification Milestone,24,Data Scientist,0.0
MHxPC130419262,At-Risk Learner,"['Computer Science', 'Biology', 'Chemistry']",0.0,Needs Foundation Support,HarvardX/CS50x/2012 -> MITx/6.00x/2012_Fall -> MITx/6.00x/2013_Spring -> MITx/7.00x/2013_Spring -> MITx/3.091x/2012_Fall -> Capstone Project & Certification Milestone,24,Software Engineer,15.0
MHxPC130111899,At-Risk Learner,"['Humanities', 'Biology', 'Chemistry']",0.0,Needs Foundation Support,HarvardX/CB22x/2013_Spring -> HarvardX/ER22x/2013_Spring -> MITx/7.00x/2013_Spring -> MITx/3.091x/2012_Fall -> MITx/3.091x/2013_Spring -> Capstone Project & Certification Milestone,24,Data Scientist,0.0
MHxPC130350124,At-Risk Learner,"['Computer Science', 'Biology', 'Chemistry']",0.0,Needs Foundation Support,HarvardX/CS50x/2012 -> MITx/6.00x/2012_Fall -> MITx/6.00x/2013_Spring -> MITx/7.00x/2013_Spring -> MITx/3.091x/2012_Fall -> Capstone Project & Certification Milestone,24,Software Engineer,15.0
MHxPC130102625,Casual Explorer,"['Humanities', 'Biology', 'Chemistry']",0.0,Needs Foundation Support,HarvardX/CB22x/2013_Spring -> HarvardX/ER22x/2013_Spring -> MITx/7.00x/2013_Spring -> MITx/3.091x/2012_Fall -> MITx/3.091x/2013_Spring -> Capstone Project & Certification Milestone,24,Data Scientist,0.0
MHxPC130162210,At-Risk Learner,"['Engineering', 'Biology', 'Chemistry']",0.0,Needs Foundation Support,MITx/6.002x/2012_Fall -> MITx/6.002x/2013_Spring -> MITx/2.01x/2013_Spring -> MITx/7.00x/2013_Spring -> MITx/3.091x/2012_Fall -> Capstone Project & Certification Milestone,24,Software Engineer,15.0
MHxPC130466131,At-Risk Learner,"['Computer Science', 'Biology', 'Chemistry']",0.0,Needs Foundation Support,HarvardX/CS50x/2012 -> MITx/6.00x/2012_Fall -> MITx/6.00x/2013_Spring -> MITx/7.00x/2013_Spring -> MITx/3.091x/2012_Fall -> Capstone Project & Certification Milestone,24,Software Engineer,15.0
MHxPC130386032,At-Risk Learner,"['Computer Science', 'Biology', 'Chemistry']",0.0,Needs Foundation Support,HarvardX/CS50x/2012 -> MITx/6.00x/2012_Fall -> MITx/6.00x/2013_Spring -> MITx/7.00x/2013_Spring -> MITx/3.091x/2012_Fall -> Capstone Project & Certification Milestone,24,Software Engineer,15.0
MHxPC130319873,At-Risk Learner,"['Economics', 'Biology', 'Chemistry']",0.0,Needs Foundation Support,MITx/14.73x/2013_Spring -> MITx/7.00x/2013_Spring -> MITx/3.091x/2012_Fall -> MITx/3.091x/2013_Spring -> Capstone Project & Certification Milestone,20,Data Scientist,10.0
MHxPC130250125,At-Risk Learner,"['Computer Science', 'Biology', 'Chemistry']",0.0,Needs Foundation Support,HarvardX/CS50x/2012 -> MITx/6.00x/2012_Fall -> MITx/6.00x/2013_Spring -> MITx/7.00x/2013_Spring -> MITx/3.091x/2012_Fall -> Capstone Project & Certification Milestone,24,Software Engineer,15.0
MHxPC130188721,At-Risk Learner,"['Computer Science', 'Humanities', 'Biology']",0.0,Needs Foundation Support,HarvardX/CS50x/2012 -> MITx/6.00x/2012_Fall -> MITx/6.00x/2013_Spring -> HarvardX/CB22x/2013_Spring -> HarvardX/ER22x/2013_Spring -> Capstone Project & Certification Milestone,24,Software Engineer,15.0
MHxPC130200235,At-Risk Learner,"['Engineering', 'Biology', 'Chemistry']",0.0,Needs Foundation Support,MITx/6.002x/2012_Fall -> MITx/6.002x/2013_Spring -> MITx/2.01x/2013_Spring -> MITx/7.00x/2013_Spring -> MITx/3.091x/2012_Fall -> Capstone Project & Certification Milestone,24,Software Engineer,15.0
MHxPC130539136,At-Risk Learner,"['Humanities', 'Public Health', 'Biology']",0.0,Needs Foundation Support,HarvardX/CB22x/2013_Spring -> HarvardX/ER22x/2013_Spring -> HarvardX/PH278x/2013_Spring -> MITx/7.00x/2013_Spring -> Capstone Project & Certification Milestone,20,Public Health Analyst,10.0
MHxPC130428668,At-Risk Learner,"['Public Health', 'Biology', 'Chemistry']",0.0,Needs Foundation Support,HarvardX/PH278x/2013_Spring -> MITx/7.00x/2013_Spring -> MITx/3.091x/2012_Fall -> MITx/3.091x/2013_Spring -> Capstone Project & Certification Milestone,20,Public Health Analyst,10.0
MHxPC130113579,At-Risk Learner,"['Computer Science', 'Biology', 'Chemistry']",0.0,Needs Foundation Support,HarvardX/CS50x/2012 -> MITx/6.00x/2012_Fall -> MITx/6.00x/2013_Spring -> MITx/7.00x/2013_Spring -> MITx/3.091x/2012_Fall -> Capstone Project & Certification Milestone,24,Software Engineer,15.0
MHxPC130038977,At-Risk Learner,"['Humanities', 'Biology', 'Chemistry']",0.0,Needs Foundation Support,HarvardX/CB22x/2013_Spring -> HarvardX/ER22x/2013_Spring -> MITx/7.00x/2013_Spring -> MITx/3.091x/2012_Fall -> MITx/3.091x/2013_Spring -> Capstone Project & Certification Milestone,24,Data Scientist,0.0
MHxPC130401589,Casual Explorer,"['Statistics & Public Health', 'Biology', 'Chemistry']",0.0,Needs Foundation Support,HarvardX/PH207x/2012_Fall -> MITx/7.00x/2013_Spring -> MITx/3.091x/2012_Fall -> MITx/3.091x/2013_Spring -> Capstone Project & Certification Milestone,20,Data Scientist,10.0
MHxPC130507616,At-Risk Learner,"['Computer Science', 'Biology', 'Chemistry']",0.0,Needs Foundation Support,HarvardX/CS50x/2012 -> MITx/6.00x/2012_Fall -> MITx/6.00x/2013_Spring -> MITx/7.00x/2013_Spring -> MITx/3.091x/2012_Fall -> Capstone Project & Certification Milestone,24,Software Engineer,15.0
MHxPC130122311,At-Risk Learner,"['Computer Science', 'Biology', 'Chemistry']",0.0,Needs Foundation Support,HarvardX/CS50x/2012 -> MITx/6.00x/2012_Fall -> MITx/6.00x/2013_Spring -> MITx/7.00x/2013_Spring -> MITx/3.091x/2012_Fall -> Capstone Project & Certification Milestone,24,Software Engineer,15.0
MHxPC130033834,At-Risk Learner,"['Public Health', 'Biology', 'Chemistry']",0.0,Needs Foundation Support,HarvardX/PH278x/2013_Spring -> MITx/7.00x/2013_Spring -> MITx/3.091x/2012_Fall -> MITx/3.091x/2013_Spring -> Capstone Project & Certification Milestone,20,Public Health Analyst,10.0
MHxPC130488981,At-Risk Learner,"['Statistics & Public Health', 'Biology', 'Chemistry']",0.0,Needs Foundation Support,HarvardX/PH207x/2012_Fall -> MITx/7.00x/2013_Spring -> MITx/3.091x/2012_Fall -> MITx/3.091x/2013_Spring -> Capstone Project & Certification Milestone,20,Data Scientist,10.0
MHxPC130554678,Steady Progressor,"['Statistics & Public Health', 'Computer Science', 'Biology']",0.0,Needs Foundation Support,HarvardX/PH207x/2012_Fall -> HarvardX/CS50x/2012 -> MITx/6.00x/2012_Fall -> MITx/6.00x/2013_Spring -> MITx/7.00x/2013_Spring -> Capstone Project & Certification Milestone,24,Data Scientist,20.0
MHxPC130412361,At-Risk Learner,"['Computer Science', 'Biology', 'Chemistry']",0.0,Needs Foundation Support,HarvardX/CS50x/2012 -> MITx/6.00x/2012_Fall -> MITx/6.00x/2013_Spring -> MITx/7.00x/2013_Spring -> MITx/3.091x/2012_Fall -> Capstone Project & Certification Milestone,24,Software Engineer,15.0
MHxPC130129590,Casual Explorer,"['Biology', 'Chemistry', 'Computer Science']",0.0,Needs Foundation Support,MITx/7.00x/2013_Spring -> MITx/3.091x/2012_Fall -> MITx/3.091x/2013_Spring -> HarvardX/CS50x/2012 -> MITx/6.00x/2012_Fall -> Capstone Project & Certification Milestone,24,Public Health Analyst,10.0
MHxPC130434277,At-Risk Learner,"['Computer Science', 'Biology', 'Chemistry']",0.0,Needs Foundation Support,HarvardX/CS50x/2012 -> MITx/6.00x/2012_Fall -> MITx/6.00x/2013_Spring -> MITx/7.00x/2013_Spring -> MITx/3.091x/2012_Fall -> Capstone Project & Certification Milestone,24,Software Engineer,15.0
MHxPC130369039,At-Risk Learner,"['Chemistry', 'Biology', 'Computer Science']",0.0,Needs Foundation Support,MITx/3.091x/2012_Fall -> MITx/3.091x/2013_Spring -> MITx/7.00x/2013_Spring -> HarvardX/CS50x/2012 -> MITx/6.00x/2012_Fall -> Capstone Project & Certification Milestone,24,Research Scientist,7.5
MHxPC130131669,High Achiever,"['Biology', 'Chemistry', 'Computer Science']",99.9,Ready for Advanced,MITx/7.00x/2013_Spring -> MITx/3.091x/2012_Fall -> MITx/3.091x/2013_Spring -> HarvardX/CS50x/2012 -> MITx/6.00x/2012_Fall -> Capstone Project & Certification Milestone,18,Data Scientist,0.0
MHxPC130080673,Casual Explorer,"['Economics', 'Biology', 'Chemistry']",0.1,Needs Foundation Support,MITx/14.73x/2013_Spring -> MITx/7.00x/2013_Spring -> MITx/3.091x/2012_Fall -> MITx/3.091x/2013_Spring -> Capstone Project & Certification Milestone,20,Data Scientist,10.0
MHxPC130528350,At-Risk Learner,"['Engineering', 'Physics', 'Biology']",0.0,Needs Foundation Support,MITx/6.002x/2012_Fall -> MITx/6.002x/2013_Spring -> MITx/2.01x/2013_Spring -> MITx/8.MReV/2013_Summer -> MITx/8.02x/2013_Spring -> Capstone Project & Certification Milestone,24,Software Engineer,15.0
MHxPC130304669,At-Risk Learner,"['Computer Science', 'Biology', 'Chemistry']",0.0,Needs Foundation Support,HarvardX/CS50x/2012 -> MITx/6.00x/2012_Fall -> MITx/6.00x/2013_Spring -> MITx/7.00x/2013_Spring -> MITx/3.091x/2012_Fall -> Capstone Project & Certification Milestone,24,Software Engineer,15.0
MHxPC130556346,Casual Explorer,"['Statistics & Public Health', 'Biology', 'Chemistry']",92.3,Ready for Advanced,HarvardX/PH207x/2012_Fall -> MITx/7.00x/2013_Spring -> MITx/3.091x/2012_Fall -> MITx/3.091x/2013_Spring -> Capstone Project & Certification Milestone,15,Data Scientist,10.0
MHxPC130074581,At-Risk Learner,"['Economics', 'Biology', 'Chemistry']",0.0,Needs Foundation Support,MITx/14.73x/2013_Spring -> MITx/7.00x/2013_Spring -> MITx/3.091x/2012_Fall -> MITx/3.091x/2013_Spring -> Capstone Project & Certification Milestone,20,Data Scientist,10.0
MHxPC130311850,Casual Explorer,"['Economics', 'Biology', 'Chemistry']",0.0,Needs Foundation Support,MITx/14.73x/2013_Spring -> MITx/7.00x/2013_Spring -> MITx/3.091x/2012_Fall -> MITx/3.091x/2013_Spring -> Capstone Project & Certification Milestone,20,Data Scientist,10.0
MHxPC130260423,Steady Progressor,"['Statistics & Public Health', 'Computer Science', 'Biology']",0.0,Needs Foundation Support,HarvardX/PH207x/2012_Fall -> HarvardX/CS50x/2012 -> MITx/6.00x/2012_Fall -> MITx/6.00x/2013_Spring -> MITx/7.00x/2013_Spring -> Capstone Project & Certification Milestone,24,Data Scientist,20.0
MHxPC130525084,At-Risk Learner,"['Computer Science', 'Biology', 'Chemistry']",0.0,Needs Foundation Support,HarvardX/CS50x/2012 -> MITx/6.00x/2012_Fall -> MITx/6.00x/2013_Spring -> MITx/7.00x/2013_Spring -> MITx/3.091x/2012_Fall -> Capstone Project & Certification Milestone,24,Software Engineer,15.0
MHxPC130107938,Casual Explorer,"['Engineering', 'Biology', 'Chemistry']",0.0,Needs Foundation Support,MITx/6.002x/2012_Fall -> MITx/6.002x/2013_Spring -> MITx/2.01x/2013_Spring -> MITx/7.00x/2013_Spring -> MITx/3.091x/2012_Fall -> Capstone Project & Certification Milestone,24,Software Engineer,15.0
MHxPC130133259,At-Risk Learner,"['Computer Science', 'Chemistry', 'Biology']",0.0,Needs Foundation Support,HarvardX/CS50x/2012 -> MITx/6.00x/2012_Fall -> MITx/6.00x/2013_Spring -> MITx/3.091x/2012_Fall -> MITx/3.091x/2013_Spring -> Capstone Project & Certification Milestone,24,Software Engineer,15.0
MHxPC130397256,At-Risk Learner,"['Computer Science', 'Biology', 'Chemistry']",0.0,Needs Foundation Support,HarvardX/CS50x/2012 -> MITx/6.00x/2012_Fall -> MITx/6.00x/2013_Spring -> MITx/7.00x/2013_Spring -> MITx/3.091x/2012_Fall -> Capstone Project & Certification Milestone,24,Software Engineer,15.0
MHxPC130512380,At-Risk Learner,"['Computer Science', 'Biology', 'Chemistry']",0.0,Needs Foundation Support,HarvardX/CS50x/2012 -> MITx/6.00x/2012_Fall -> MITx/6.00x/2013_Spring -> MITx/7.00x/2013_Spring -> MITx/3.091x/2012_Fall -> Capstone Project & Certification Milestone,24,Software Engineer,15.0
MHxPC130188818,At-Risk Learner,"['Computer Science', 'Biology', 'Chemistry']",0.0,Needs Foundation Support,HarvardX/CS50x/2012 -> MITx/6.00x/2012_Fall -> MITx/6.00x/2013_Spring -> MITx/7.00x/2013_Spring -> MITx/3.091x/2012_Fall -> Capstone Project & Certification Milestone,24,Software Engineer,15.0
MHxPC130148324,At-Risk Learner,"['Physics', 'Biology', 'Chemistry']",0.0,Needs Foundation Support,MITx/8.MReV/2013_Summer -> MITx/8.02x/2013_Spring -> MITx/7.00x/2013_Spring -> MITx/3.091x/2012_Fall -> MITx/3.091x/2013_Spring -> Capstone Project & Certification Milestone,24,Research Scientist,7.5
MHxPC130551635,Casual Explorer,"['Engineering', 'Chemistry', 'Biology']",3.8,Needs Foundation Support,MITx/6.002x/2012_Fall -> MITx/6.002x/2013_Spring -> MITx/2.01x/2013_Spring -> MITx/3.091x/2012_Fall -> MITx/3.091x/2013_Spring -> Capstone Project & Certification Milestone,24,Software Engineer,15.0
MHxPC130132624,At-Risk Learner,"['Computer Science', 'Biology', 'Chemistry']",0.0,Needs Foundation Support,HarvardX/CS50x/2012 -> MITx/6.00x/2012_Fall -> MITx/6.00x/2013_Spring -> MITx/7.00x/2013_Spring -> MITx/3.091x/2012_Fall -> Capstone Project & Certification Milestone,24,Software Engineer,15.0
MHxPC130177414,At-Risk Learner,"['Public Health', 'Biology', 'Chemistry']",0.0,Needs Foundation Support,HarvardX/PH278x/2013_Spring -> MITx/7.00x/2013_Spring -> MITx/3.091x/2012_Fall -> MITx/3.091x/2013_Spring -> Capstone Project & Certification Milestone,20,Public Health Analyst,10.0
MHxPC130269189,Steady Progressor,"['Biology', 'Humanities', 'Public Health']",1.2,Needs Foundation Support,MITx/7.00x/2013_Spring -> HarvardX/CB22x/2013_Spring -> HarvardX/ER22x/2013_Spring -> HarvardX/PH278x/2013_Spring -> Capstone Project & Certification Milestone,20,Public Health Analyst,20.0
MHxPC130076387,At-Risk Learner,"['Humanities', 'Biology', 'Chemistry']",0.0,Needs Foundation Support,HarvardX/CB22x/2013_Spring -> HarvardX/ER22x/2013_Spring -> MITx/7.00x/2013_Spring -> MITx/3.091x/2012_Fall -> MITx/3.091x/2013_Spring -> Capstone Project & Certification Milestone,24,Data Scientist,0.0
MHxPC130538662,At-Risk Learner,"['Computer Science', 'Biology', 'Chemistry']",0.0,Needs Foundation Support,HarvardX/CS50x/2012 -> MITx/6.00x/2012_Fall -> MITx/6.00x/2013_Spring -> MITx/7.00x/2013_Spring -> MITx/3.091x/2012_Fall -> Capstone Project & Certification Milestone,24,Software Engineer,15.0
MHxPC130375099,At-Risk Learner,"['Humanities', 'Biology', 'Chemistry']",0.0,Needs Foundation Support,HarvardX/CB22x/2013_Spring -> HarvardX/ER22x/2013_Spring -> MITx/7.00x/2013_Spring -> MITx/3.091x/2012_Fall -> MITx/3.091x/2013_Spring -> Capstone Project & Certification Milestone,24,Data Scientist,0.0
MHxPC130434055,Steady Progressor,"['Computer Science', 'Chemistry', 'Biology']",0.0,Needs Foundation Support,HarvardX/CS50x/2012 -> MITx/6.00x/2012_Fall -> MITx/6.00x/2013_Spring -> MITx/3.091x/2012_Fall -> MITx/3.091x/2013_Spring -> Capstone Project & Certification Milestone,24,Software Engineer,15.0
MHxPC130222203,Casual Explorer,"['Computer Science', 'Biology', 'Chemistry']",0.0,Needs Foundation Support,HarvardX/CS50x/2012 -> MITx/6.00x/2012_Fall -> MITx/6.00x/2013_Spring -> MITx/7.00x/2013_Spring -> MITx/3.091x/2012_Fall -> Capstone Project & Certification Milestone,24,Software Engineer,15.0
MHxPC130103356,Casual Explorer,"['Computer Science', 'Biology', 'Chemistry']",0.2,Needs Foundation Support,HarvardX/CS50x/2012 -> MITx/6.00x/2012_Fall -> MITx/6.00x/2013_Spring -> MITx/7.00x/2013_Spring -> MITx/3.091x/2012_Fall -> Capstone Project & Certification Milestone,24,Software Engineer,15.0
MHxPC130021621,At-Risk Learner,"['Computer Science', 'Biology', 'Chemistry']",0.0,Needs Foundation Support,HarvardX/CS50x/2012 -> MITx/6.00x/2012_Fall -> MITx/6.00x/2013_Spring -> MITx/7.00x/2013_Spring -> MITx/3.091x/2012_Fall -> Capstone Project & Certification Milestone,24,Software Engineer,15.0
MHxPC130131782,Steady Progressor,"['Economics', 'Computer Science', 'Humanities']",0.0,Needs Foundation Support,MITx/14.73x/2013_Spring -> HarvardX/CS50x/2012 -> MITx/6.00x/2012_Fall -> MITx/6.00x/2013_Spring -> HarvardX/CB22x/2013_Spring -> Capstone Project & Certification Milestone,24,Data Scientist,20.0
MHxPC130350906,At-Risk Learner,"['Computer Science', 'Biology', 'Chemistry']",0.2,Needs Foundation Support,HarvardX/CS50x/2012 -> MITx/6.00x/2012_Fall -> MITx/6.00x/2013_Spring -> MITx/7.00x/2013_Spring -> MITx/3.091x/2012_Fall -> Capstone Project & Certification Milestone,24,Software Engineer,15.0
MHxPC130006266,At-Risk Learner,"['Engineering', 'Biology', 'Chemistry']",0.0,Needs Foundation Support,MITx/6.002x/2012_Fall -> MITx/6.002x/2013_Spring -> MITx/2.01x/2013_Spring -> MITx/7.00x/2013_Spring -> MITx/3.091x/2012_Fall -> Capstone Project & Certification Milestone,24,Software Engineer,15.0
MHxPC130183157,Casual Explorer,"['Computer Science', 'Engineering', 'Biology']",0.2,Needs Foundation Support,HarvardX/CS50x/2012 -> MITx/6.00x/2012_Fall -> MITx/6.00x/2013_Spring -> MITx/6.002x/2012_Fall -> MITx/6.002x/2013_Spring -> Capstone Project & Certification Milestone,24,Software Engineer,30.0
MHxPC130372810,At-Risk Learner,"['Computer Science', 'Biology', 'Chemistry']",0.0,Needs Foundation Support,HarvardX/CS50x/2012 -> MITx/6.00x/2012_Fall -> MITx/6.00x/2013_Spring -> MITx/7.00x/2013_Spring -> MITx/3.091x/2012_Fall -> Capstone Project & Certification Milestone,24,Software Engineer,15.0
MHxPC130144795,Casual Explorer,"['Computer Science', 'Biology', 'Chemistry']",0.0,Needs Foundation Support,HarvardX/CS50x/2012 -> MITx/6.00x/2012_Fall -> MITx/6.00x/2013_Spring -> MITx/7.00x/2013_Spring -> MITx/3.091x/2012_Fall -> Capstone Project & Certification Milestone,24,Software Engineer,15.0
MHxPC130314838,Steady Progressor,"['Statistics & Public Health', 'Computer Science', 'Chemistry']",0.1,Needs Foundation Support,HarvardX/PH207x/2012_Fall -> HarvardX/CS50x/2012 -> MITx/6.00x/2012_Fall -> MITx/6.00x/2013_Spring -> MITx/3.091x/2012_Fall -> Capstone Project & Certification Milestone,24,ML Engineer,30.0
MHxPC130434893,At-Risk Learner,"['Statistics & Public Health', 'Biology', 'Chemistry']",0.0,Needs Foundation Support,HarvardX/PH207x/2012_Fall -> MITx/7.00x/2013_Spring -> MITx/3.091x/2012_Fall -> MITx/3.091x/2013_Spring -> Capstone Project & Certification Milestone,20,Data Scientist,10.0
MHxPC130331250,At-Risk Learner,"['Computer Science', 'Biology', 'Chemistry']",0.0,Needs Foundation Support,HarvardX/CS50x/2012 -> MITx/6.00x/2012_Fall -> MITx/6.00x/2013_Spring -> MITx/7.00x/2013_Spring -> MITx/3.091x/2012_Fall -> Capstone Project & Certification Milestone,24,Software Engineer,15.0
MHxPC130530809,Steady Progressor,"['Computer Science', 'Humanities', 'Chemistry']",0.0,Needs Foundation Support,HarvardX/CS50x/2012 -> MITx/6.00x/2012_Fall -> MITx/6.00x/2013_Spring -> HarvardX/CB22x/2013_Spring -> HarvardX/ER22x/2013_Spring -> Capstone Project & Certification Milestone,24,Software Engineer,15.0
MHxPC130559883,At-Risk Learner,"['Statistics & Public Health', 'Biology', 'Chemistry']",0.0,Needs Foundation Support,HarvardX/PH207x/2012_Fall -> MITx/7.00x/2013_Spring -> MITx/3.091x/2012_Fall -> MITx/3.091x/2013_Spring -> Capstone Project & Certification Milestone,20,Data Scientist,10.0
MHxPC130315786,At-Risk Learner,"['Computer Science', 'Biology', 'Chemistry']",0.0,Needs Foundation Support,HarvardX/CS50x/2012 -> MITx/6.00x/2012_Fall -> MITx/6.00x/2013_Spring -> MITx/7.00x/2013_Spring -> MITx/3.091x/2012_Fall -> Capstone Project & Certification Milestone,24,Software Engineer,15.0
MHxPC130480894,At-Risk Learner,"['Computer Science', 'Biology', 'Chemistry']",0.0,Needs Foundation Support,HarvardX/CS50x/2012 -> MITx/6.00x/2012_Fall -> MITx/6.00x/2013_Spring -> MITx/7.00x/2013_Spring -> MITx/3.091x/2012_Fall -> Capstone Project & Certification Milestone,24,Software Engineer,15.0
MHxPC130197296,Casual Explorer,"['Computer Science', 'Biology', 'Chemistry']",0.0,Needs Foundation Support,HarvardX/CS50x/2012 -> MITx/6.00x/2012_Fall -> MITx/6.00x/2013_Spring -> MITx/7.00x/2013_Spring -> MITx/3.091x/2012_Fall -> Capstone Project & Certification Milestone,24,Software Engineer,15.0
MHxPC130422678,At-Risk Learner,"['Humanities', 'Biology', 'Chemistry']",0.0,Needs Foundation Support,HarvardX/CB22x/2013_Spring -> HarvardX/ER22x/2013_Spring -> MITx/7.00x/2013_Spring -> MITx/3.091x/2012_Fall -> MITx/3.091x/2013_Spring -> Capstone Project & Certification Milestone,24,Data Scientist,0.0
MHxPC130188771,At-Risk Learner,"['Computer Science', 'Biology', 'Chemistry']",0.0,Needs Foundation Support,HarvardX/CS50x/2012 -> MITx/6.00x/2012_Fall -> MITx/6.00x/2013_Spring -> MITx/7.00x/2013_Spring -> MITx/3.091x/2012_Fall -> Capstone Project & Certification Milestone,24,Software Engineer,15.0
MHxPC130462620,At-Risk Learner,"['Computer Science', 'Biology', 'Chemistry']",0.0,Needs Foundation Support,HarvardX/CS50x/2012 -> MITx/6.00x/2012_Fall -> MITx/6.00x/2013_Spring -> MITx/7.00x/2013_Spring -> MITx/3.091x/2012_Fall -> Capstone Project & Certification Milestone,24,Software Engineer,15.0
MHxPC130548972,At-Risk Learner,"['Computer Science', 'Biology', 'Chemistry']",0.0,Needs Foundation Support,HarvardX/CS50x/2012 -> MITx/6.00x/2012_Fall -> MITx/6.00x/2013_Spring -> MITx/7.00x/2013_Spring -> MITx/3.091x/2012_Fall -> Capstone Project & Certification Milestone,24,Software Engineer,15.0
MHxPC130011247,At-Risk Learner,"['Humanities', 'Biology', 'Chemistry']",0.0,Needs Foundation Support,HarvardX/CB22x/2013_Spring -> HarvardX/ER22x/2013_Spring -> MITx/7.00x/2013_Spring -> MITx/3.091x/2012_Fall -> MITx/3.091x/2013_Spring -> Capstone Project & Certification Milestone,24,Data Scientist,0.0
MHxPC130275765,Casual Explorer,"['Public Health', 'Biology', 'Chemistry']",0.0,Needs Foundation Support,HarvardX/PH278x/2013_Spring -> MITx/7.00x/2013_Spring -> MITx/3.091x/2012_Fall -> MITx/3.091x/2013_Spring -> Capstone Project & Certification Milestone,20,Public Health Analyst,10.0
MHxPC130367563,At-Risk Learner,"['Computer Science', 'Biology', 'Chemistry']",0.0,Needs Foundation Support,HarvardX/CS50x/2012 -> MITx/6.00x/2012_Fall -> MITx/6.00x/2013_Spring -> MITx/7.00x/2013_Spring -> MITx/3.091x/2012_Fall -> Capstone Project & Certification Milestone,24,Software Engineer,15.0
MHxPC130404136,At-Risk Learner,"['Engineering', 'Computer Science', 'Biology']",0.0,Needs Foundation Support,MITx/6.002x/2012_Fall -> MITx/6.002x/2013_Spring -> MITx/2.01x/2013_Spring -> HarvardX/CS50x/2012 -> MITx/6.00x/2012_Fall -> Capstone Project & Certification Milestone,24,Software Engineer,30.0
MHxPC130197859,Casual Explorer,"['Computer Science', 'Biology', 'Chemistry']",0.0,Needs Foundation Support,HarvardX/CS50x/2012 -> MITx/6.00x/2012_Fall -> MITx/6.00x/2013_Spring -> MITx/7.00x/2013_Spring -> MITx/3.091x/2012_Fall -> Capstone Project & Certification Milestone,24,Software Engineer,15.0
MHxPC130148833,At-Risk Learner,"['Humanities', 'Biology', 'Chemistry']",0.0,Needs Foundation Support,HarvardX/CB22x/2013_Spring -> HarvardX/ER22x/2013_Spring -> MITx/7.00x/2013_Spring -> MITx/3.091x/2012_Fall -> MITx/3.091x/2013_Spring -> Capstone Project & Certification Milestone,24,Data Scientist,0.0
MHxPC130086264,Steady Progressor,"['Humanities', 'Physics', 'Biology']",25.2,Needs Foundation Support,HarvardX/CB22x/2013_Spring -> HarvardX/ER22x/2013_Spring -> MITx/8.MReV/2013_Summer -> MITx/8.02x/2013_Spring -> MITx/7.00x/2013_Spring -> Capstone Project & Certification Milestone,24,Software Engineer,50.0
MHxPC130356367,At-Risk Learner,"['Humanities', 'Biology', 'Chemistry']",0.0,Needs Foundation Support,HarvardX/CB22x/2013_Spring -> HarvardX/ER22x/2013_Spring -> MITx/7.00x/2013_Spring -> MITx/3.091x/2012_Fall -> MITx/3.091x/2013_Spring -> Capstone Project & Certification Milestone,24,Data Scientist,0.0
MHxPC130138134,At-Risk Learner,"['Chemistry', 'Biology', 'Computer Science']",0.0,Needs Foundation Support,MITx/3.091x/2012_Fall -> MITx/3.091x/2013_Spring -> MITx/7.00x/2013_Spring -> HarvardX/CS50x/2012 -> MITx/6.00x/2012_Fall -> Capstone Project & Certification Milestone,24,Research Scientist,7.5
MHxPC130036118,Casual Explorer,"['Humanities', 'Biology', 'Chemistry']",0.2,Needs Foundation Support,HarvardX/CB22x/2013_Spring -> HarvardX/ER22x/2013_Spring -> MITx/7.00x/2013_Spring -> MITx/3.091x/2012_Fall -> MITx/3.091x/2013_Spring -> Capstone Project & Certification Milestone,24,Data Scientist,0.0
MHxPC130570325,At-Risk Learner,"['Computer Science', 'Biology', 'Chemistry']",0.0,Needs Foundation Support,HarvardX/CS50x/2012 -> MITx/6.00x/2012_Fall -> MITx/6.00x/2013_Spring -> MITx/7.00x/2013_Spring -> MITx/3.091x/2012_Fall -> Capstone Project & Certification Milestone,24,Software Engineer,15.0
MHxPC130424603,At-Risk Learner,"['Computer Science', 'Biology', 'Chemistry']",0.0,Needs Foundation Support,HarvardX/CS50x/2012 -> MITx/6.00x/2012_Fall -> MITx/6.00x/2013_Spring -> MITx/7.00x/2013_Spring -> MITx/3.091x/2012_Fall -> Capstone Project & Certification Milestone,24,Software Engineer,15.0
MHxPC130379809,At-Risk Learner,"['Humanities', 'Biology', 'Chemistry']",0.0,Needs Foundation Support,HarvardX/CB22x/2013_Spring -> HarvardX/ER22x/2013_Spring -> MITx/7.00x/2013_Spring -> MITx/3.091x/2012_Fall -> MITx/3.091x/2013_Spring -> Capstone Project & Certification Milestone,24,Data Scientist,0.0
MHxPC130574821,At-Risk Learner,"['Computer Science', 'Biology', 'Chemistry']",0.0,Needs Foundation Support,HarvardX/CS50x/2012 -> MITx/6.00x/2012_Fall -> MITx/6.00x/2013_Spring -> MITx/7.00x/2013_Spring -> MITx/3.091x/2012_Fall -> Capstone Project & Certification Milestone,24,Software Engineer,15.0
MHxPC130175625,Casual Explorer,"['Computer Science', 'Biology', 'Chemistry']",0.0,Needs Foundation Support,HarvardX/CS50x/2012 -> MITx/6.00x/2012_Fall -> MITx/6.00x/2013_Spring -> MITx/7.00x/2013_Spring -> MITx/3.091x/2012_Fall -> Capstone Project & Certification Milestone,24,Software Engineer,15.0
MHxPC130316414,At-Risk Learner,"['Economics', 'Biology', 'Chemistry']",0.0,Needs Foundation Support,MITx/14.73x/2013_Spring -> MITx/7.00x/2013_Spring -> MITx/3.091x/2012_Fall -> MITx/3.091x/2013_Spring -> Capstone Project & Certification Milestone,20,Data Scientist,10.0
MHxPC130231719,Casual Explorer,"['Economics', 'Public Health', 'Biology']",1.6,Needs Foundation Support,MITx/14.73x/2013_Spring -> HarvardX/PH278x/2013_Spring -> MITx/7.00x/2013_Spring -> Capstone Project & Certification Milestone,16,Data Scientist,10.0
MHxPC130580325,At-Risk Learner,"['Computer Science', 'Biology', 'Chemistry']",0.0,Needs Foundation Support,HarvardX/CS50x/2012 -> MITx/6.00x/2012_Fall -> MITx/6.00x/2013_Spring -> MITx/7.00x/2013_Spring -> MITx/3.091x/2012_Fall -> Capstone Project & Certification Milestone,24,Software Engineer,15.0
MHxPC130409039,At-Risk Learner,"['Engineering', 'Physics', 'Biology']",0.0,Needs Foundation Support,MITx/6.002x/2012_Fall -> MITx/6.002x/2013_Spring -> MITx/2.01x/2013_Spring -> MITx/8.MReV/2013_Summer -> MITx/8.02x/2013_Spring -> Capstone Project & Certification Milestone,24,Software Engineer,15.0
MHxPC130382547,At-Risk Learner,"['Engineering', 'Biology', 'Chemistry']",0.0,Needs Foundation Support,MITx/6.002x/2012_Fall -> MITx/6.002x/2013_Spring -> MITx/2.01x/2013_Spring -> MITx/7.00x/2013_Spring -> MITx/3.091x/2012_Fall -> Capstone Project & Certification Milestone,24,Software Engineer,15.0
MHxPC130271877,At-Risk Learner,"['Humanities', 'Biology', 'Chemistry']",0.0,Needs Foundation Support,HarvardX/CB22x/2013_Spring -> HarvardX/ER22x/2013_Spring -> MITx/7.00x/2013_Spring -> MITx/3.091x/2012_Fall -> MITx/3.091x/2013_Spring -> Capstone Project & Certification Milestone,24,Data Scientist,0.0
MHxPC130290925,At-Risk Learner,"['Humanities', 'Biology', 'Chemistry']",0.0,Needs Foundation Support,HarvardX/CB22x/2013_Spring -> HarvardX/ER22x/2013_Spring -> MITx/7.00x/2013_Spring -> MITx/3.091x/2012_Fall -> MITx/3.091x/2013_Spring -> Capstone Project & Certification Milestone,24,Data Scientist,0.0
MHxPC130567499,At-Risk Learner,"['Statistics & Public Health', 'Biology', 'Chemistry']",0.0,Needs Foundation Support,HarvardX/PH207x/2012_Fall -> MITx/7.00x/2013_Spring -> MITx/3.091x/2012_Fall -> MITx/3.091x/2013_Spring -> Capstone Project & Certification Milestone,20,Data Scientist,10.0
MHxPC130088974,Steady Progressor,"['Humanities', 'Biology', 'Chemistry']",0.0,Needs Foundation Support,HarvardX/CB22x/2013_Spring -> HarvardX/ER22x/2013_Spring -> MITx/7.00x/2013_Spring -> MITx/3.091x/2012_Fall -> MITx/3.091x/2013_Spring -> Capstone Project & Certification Milestone,24,Public Health Analyst,10.0
MHxPC130479367,At-Risk Learner,"['Computer Science', 'Biology', 'Chemistry']",0.0,Needs Foundation Support,HarvardX/CS50x/2012 -> MITx/6.00x/2012_Fall -> MITx/6.00x/2013_Spring -> MITx/7.00x/2013_Spring -> MITx/3.091x/2012_Fall -> Capstone Project & Certification Milestone,24,Software Engineer,15.0
MHxPC130534293,At-Risk Learner,"['Public Health', 'Biology', 'Chemistry']",0.0,Needs Foundation Support,HarvardX/PH278x/2013_Spring -> MITx/7.00x/2013_Spring -> MITx/3.091x/2012_Fall -> MITx/3.091x/2013_Spring -> Capstone Project & Certification Milestone,20,Public Health Analyst,10.0
MHxPC130183095,Casual Explorer,"['Computer Science', 'Biology', 'Chemistry']",1.8,Needs Foundation Support,HarvardX/CS50x/2012 -> MITx/6.00x/2012_Fall -> MITx/6.00x/2013_Spring -> MITx/7.00x/2013_Spring -> MITx/3.091x/2012_Fall -> Capstone Project & Certification Milestone,24,Software Engineer,15.0
MHxPC130251435,At-Risk Learner,"['Computer Science', 'Biology', 'Chemistry']",0.0,Needs Foundation Support,HarvardX/CS50x/2012 -> MITx/6.00x/2012_Fall -> MITx/6.00x/2013_Spring -> MITx/7.00x/2013_Spring -> MITx/3.091x/2012_Fall -> Capstone Project & Certification Milestone,24,Software Engineer,15.0
MHxPC130190642,Casual Explorer,"['Computer Science', 'Biology', 'Chemistry']",0.3,Needs Foundation Support,HarvardX/CS50x/2012 -> MITx/6.00x/2012_Fall -> MITx/6.00x/2013_Spring -> MITx/7.00x/2013_Spring -> MITx/3.091x/2012_Fall -> Capstone Project & Certification Milestone,24,Software Engineer,15.0
MHxPC130425896,At-Risk Learner,"['Humanities', 'Biology', 'Chemistry']",0.0,Needs Foundation Support,HarvardX/CB22x/2013_Spring -> HarvardX/ER22x/2013_Spring -> MITx/7.00x/2013_Spring -> MITx/3.091x/2012_Fall -> MITx/3.091x/2013_Spring -> Capstone Project & Certification Milestone,24,Data Scientist,0.0
MHxPC130115056,Steady Progressor,"['Statistics & Public Health', 'Humanities', 'Physics']",0.0,Needs Foundation Support,HarvardX/PH207x/2012_Fall -> HarvardX/CB22x/2013_Spring -> HarvardX/ER22x/2013_Spring -> MITx/8.MReV/2013_Summer -> MITx/8.02x/2013_Spring -> Capstone Project & Certification Milestone,24,Data Scientist,10.0
MHxPC130429623,Casual Explorer,"['Computer Science', 'Biology', 'Chemistry']",1.4,Needs Foundation Support,HarvardX/CS50x/2012 -> MITx/6.00x/2012_Fall -> MITx/6.00x/2013_Spring -> MITx/7.00x/2013_Spring -> MITx/3.091x/2012_Fall -> Capstone Project & Certification Milestone,24,Software Engineer,15.0
MHxPC130248065,At-Risk Learner,"['Computer Science', 'Biology', 'Chemistry']",0.0,Needs Foundation Support,HarvardX/CS50x/2012 -> MITx/6.00x/2012_Fall -> MITx/6.00x/2013_Spring -> MITx/7.00x/2013_Spring -> MITx/3.091x/2012_Fall -> Capstone Project & Certification Milestone,24,Software Engineer,15.0
MHxPC130058724,At-Risk Learner,"['Computer Science', 'Biology', 'Chemistry']",0.0,Needs Foundation Support,HarvardX/CS50x/2012 -> MITx/6.00x/2012_Fall -> MITx/6.00x/2013_Spring -> MITx/7.00x/2013_Spring -> MITx/3.091x/2012_Fall -> Capstone Project & Certification Milestone,24,Software Engineer,15.0
MHxPC130240906,Casual Explorer,"['Humanities', 'Biology', 'Chemistry']",0.0,Needs Foundation Support,HarvardX/CB22x/2013_Spring -> HarvardX/ER22x/2013_Spring -> MITx/7.00x/2013_Spring -> MITx/3.091x/2012_Fall -> MITx/3.091x/2013_Spring -> Capstone Project & Certification Milestone,24,Data Scientist,0.0
MHxPC130574439,At-Risk Learner,"['Humanities', 'Biology', 'Chemistry']",0.0,Needs Foundation Support,HarvardX/CB22x/2013_Spring -> HarvardX/ER22x/2013_Spring -> MITx/7.00x/2013_Spring -> MITx/3.091x/2012_Fall -> MITx/3.091x/2013_Spring -> Capstone Project & Certification Milestone,24,Data Scientist,0.0
MHxPC130455956,At-Risk Learner,"['Computer Science', 'Biology', 'Chemistry']",0.0,Needs Foundation Support,HarvardX/CS50x/2012 -> MITx/6.00x/2012_Fall -> MITx/6.00x/2013_Spring -> MITx/7.00x/2013_Spring -> MITx/3.091x/2012_Fall -> Capstone Project & Certification Milestone,24,Software Engineer,15.0
MHxPC130041568,At-Risk Learner,"['Computer Science', 'Public Health', 'Biology']",0.0,Needs Foundation Support,HarvardX/CS50x/2012 -> MITx/6.00x/2012_Fall -> MITx/6.00x/2013_Spring -> HarvardX/PH278x/2013_Spring -> MITx/7.00x/2013_Spring -> Capstone Project & Certification Milestone,24,Software Engineer,15.0
MHxPC130331334,High Achiever,"['Biology', 'Chemistry', 'Economics']",99.9,Ready for Advanced,MITx/7.00x/2013_Spring -> MITx/3.091x/2012_Fall -> MITx/3.091x/2013_Spring -> MITx/14.73x/2013_Spring -> Capstone Project & Certification Milestone,15,Software Engineer,50.0
MHxPC130153038,At-Risk Learner,"['Computer Science', 'Biology', 'Chemistry']",0.0,Needs Foundation Support,HarvardX/CS50x/2012 -> MITx/6.00x/2012_Fall -> MITx/6.00x/2013_Spring -> MITx/7.00x/2013_Spring -> MITx/3.091x/2012_Fall -> Capstone Project & Certification Milestone,24,Software Engineer,15.0
MHxPC130127795,Casual Explorer,"['Economics', 'Biology', 'Chemistry']",0.0,Needs Foundation Support,MITx/14.73x/2013_Spring -> MITx/7.00x/2013_Spring -> MITx/3.091x/2012_Fall -> MITx/3.091x/2013_Spring -> Capstone Project & Certification Milestone,20,Data Scientist,10.0
MHxPC130279952,Casual Explorer,"['Computer Science', 'Biology', 'Chemistry']",0.0,Needs Foundation Support,HarvardX/CS50x/2012 -> MITx/6.00x/2012_Fall -> MITx/6.00x/2013_Spring -> MITx/7.00x/2013_Spring -> MITx/3.091x/2012_Fall -> Capstone Project & Certification Milestone,24,Software Engineer,15.0
MHxPC130282427,At-Risk Learner,"['Statistics & Public Health', 'Biology', 'Chemistry']",0.0,Needs Foundation Support,HarvardX/PH207x/2012_Fall -> MITx/7.00x/2013_Spring -> MITx/3.091x/2012_Fall -> MITx/3.091x/2013_Spring -> Capstone Project & Certification Milestone,20,Data Scientist,10.0
MHxPC130392113,At-Risk Learner,"['Statistics & Public Health', 'Biology', 'Chemistry']",0.0,Needs Foundation Support,HarvardX/PH207x/2012_Fall -> MITx/7.00x/2013_Spring -> MITx/3.091x/2012_Fall -> MITx/3.091x/2013_Spring -> Capstone Project & Certification Milestone,20,Data Scientist,10.0
MHxPC130334105,At-Risk Learner,"['Computer Science', 'Biology', 'Chemistry']",0.0,Needs Foundation Support,HarvardX/CS50x/2012 -> MITx/6.00x/2012_Fall -> MITx/6.00x/2013_Spring -> MITx/7.00x/2013_Spring -> MITx/3.091x/2012_Fall -> Capstone Project & Certification Milestone,24,Software Engineer,15.0
MHxPC130045875,At-Risk Learner,"['Economics', 'Biology', 'Chemistry']",0.0,Needs Foundation Support,MITx/14.73x/2013_Spring -> MITx/7.00x/2013_Spring -> MITx/3.091x/2012_Fall -> MITx/3.091x/2013_Spring -> Capstone Project & Certification Milestone,20,Data Scientist,10.0
MHxPC130151877,At-Risk Learner,"['Public Health', 'Biology', 'Chemistry']",0.0,Needs Foundation Support,HarvardX/PH278x/2013_Spring -> MITx/7.00x/2013_Spring -> MITx/3.091x/2012_Fall -> MITx/3.091x/2013_Spring -> Capstone Project & Certification Milestone,20,Public Health Analyst,10.0
MHxPC130016950,At-Risk Learner,"['Engineering', 'Humanities', 'Biology']",0.0,Needs Foundation Support,MITx/6.002x/2012_Fall -> MITx/6.002x/2013_Spring -> MITx/2.01x/2013_Spring -> HarvardX/CB22x/2013_Spring -> HarvardX/ER22x/2013_Spring -> Capstone Project & Certification Milestone,24,Software Engineer,15.0
MHxPC130596268,At-Risk Learner,"['Computer Science', 'Biology', 'Chemistry']",0.0,Needs Foundation Support,HarvardX/CS50x/2012 -> MITx/6.00x/2012_Fall -> MITx/6.00x/2013_Spring -> MITx/7.00x/2013_Spring -> MITx/3.091x/2012_Fall -> Capstone Project & Certification Milestone,24,Software Engineer,15.0
MHxPC130328721,At-Risk Learner,"['Economics', 'Biology', 'Chemistry']",0.0,Needs Foundation Support,MITx/14.73x/2013_Spring -> MITx/7.00x/2013_Spring -> MITx/3.091x/2012_Fall -> MITx/3.091x/2013_Spring -> Capstone Project & Certification Milestone,20,Data Scientist,10.0
MHxPC130293074,At-Risk Learner,"['Computer Science', 'Biology', 'Chemistry']",0.1,Needs Foundation Support,HarvardX/CS50x/2012 -> MITx/6.00x/2012_Fall -> MITx/6.00x/2013_Spring -> MITx/7.00x/2013_Spring -> MITx/3.091x/2012_Fall -> Capstone Project & Certification Milestone,24,Software Engineer,15.0
MHxPC130114674,At-Risk Learner,"['Computer Science', 'Biology', 'Chemistry']",0.0,Needs Foundation Support,HarvardX/CS50x/2012 -> MITx/6.00x/2012_Fall -> MITx/6.00x/2013_Spring -> MITx/7.00x/2013_Spring -> MITx/3.091x/2012_Fall -> Capstone Project & Certification Milestone,24,Software Engineer,15.0
MHxPC130313740,Casual Explorer,"['Biology', 'Chemistry', 'Computer Science']",0.0,Needs Foundation Support,MITx/7.00x/2013_Spring -> MITx/3.091x/2012_Fall -> MITx/3.091x/2013_Spring -> HarvardX/CS50x/2012 -> MITx/6.00x/2012_Fall -> Capstone Project & Certification Milestone,24,Public Health Analyst,10.0
MHxPC130348229,At-Risk Learner,"['Engineering', 'Biology', 'Chemistry']",0.0,Needs Foundation Support,MITx/6.002x/2012_Fall -> MITx/6.002x/2013_Spring -> MITx/2.01x/2013_Spring -> MITx/7.00x/2013_Spring -> MITx/3.091x/2012_Fall -> Capstone Project & Certification Milestone,24,Software Engineer,15.0
MHxPC130515775,Casual Explorer,"['Humanities', 'Biology', 'Chemistry']",0.5,Needs Foundation Support,HarvardX/CB22x/2013_Spring -> HarvardX/ER22x/2013_Spring -> MITx/7.00x/2013_Spring -> MITx/3.091x/2012_Fall -> MITx/3.091x/2013_Spring -> Capstone Project & Certification Milestone,24,Data Scientist,0.0
MHxPC130253095,At-Risk Learner,"['Humanities', 'Biology', 'Chemistry']",0.0,Needs Foundation Support,HarvardX/CB22x/2013_Spring -> HarvardX/ER22x/2013_Spring -> MITx/7.00x/2013_Spring -> MITx/3.091x/2012_Fall -> MITx/3.091x/2013_Spring -> Capstone Project & Certification Milestone,24,Data Scientist,0.0
MHxPC130439551,At-Risk Learner,"['Humanities', 'Biology', 'Chemistry']",0.0,Needs Foundation Support,HarvardX/CB22x/2013_Spring -> HarvardX/ER22x/2013_Spring -> MITx/7.00x/2013_Spring -> MITx/3.091x/2012_Fall -> MITx/3.091x/2013_Spring -> Capstone Project & Certification Milestone,24,Data Scientist,0.0
MHxPC130325723,Steady Progressor,"['Chemistry', 'Physics', 'Biology']",0.0,Needs Foundation Support,MITx/3.091x/2012_Fall -> MITx/3.091x/2013_Spring -> MITx/8.MReV/2013_Summer -> MITx/8.02x/2013_Spring -> MITx/7.00x/2013_Spring -> Capstone Project & Certification Milestone,24,Research Scientist,15.0
MHxPC130172738,At-Risk Learner,"['Computer Science', 'Humanities', 'Biology']",0.0,Needs Foundation Support,HarvardX/CS50x/2012 -> MITx/6.00x/2012_Fall -> MITx/6.00x/2013_Spring -> HarvardX/CB22x/2013_Spring -> HarvardX/ER22x/2013_Spring -> Capstone Project & Certification Milestone,24,Software Engineer,15.0
MHxPC130098006,At-Risk Learner,"['Computer Science', 'Biology', 'Chemistry']",0.0,Needs Foundation Support,HarvardX/CS50x/2012 -> MITx/6.00x/2012_Fall -> MITx/6.00x/2013_Spring -> MITx/7.00x/2013_Spring -> MITx/3.091x/2012_Fall -> Capstone Project & Certification Milestone,24,Software Engineer,15.0
MHxPC130353610,Casual Explorer,"['Statistics & Public Health', 'Biology', 'Chemistry']",0.5,Needs Foundation Support,HarvardX/PH207x/2012_Fall -> MITx/7.00x/2013_Spring -> MITx/3.091x/2012_Fall -> MITx/3.091x/2013_Spring -> Capstone Project & Certification Milestone,20,Data Scientist,10.0
MHxPC130120083,At-Risk Learner,"['Computer Science', 'Biology', 'Chemistry']",0.0,Needs Foundation Support,HarvardX/CS50x/2012 -> MITx/6.00x/2012_Fall -> MITx/6.00x/2013_Spring -> MITx/7.00x/2013_Spring -> MITx/3.091x/2012_Fall -> Capstone Project & Certification Milestone,24,Software Engineer,15.0
MHxPC130490206,At-Risk Learner,"['Humanities', 'Biology', 'Chemistry']",0.0,Needs Foundation Support,HarvardX/CB22x/2013_Spring -> HarvardX/ER22x/2013_Spring -> MITx/7.00x/2013_Spring -> MITx/3.091x/2012_Fall -> MITx/3.091x/2013_Spring -> Capstone Project & Certification Milestone,24,Data Scientist,0.0
MHxPC130288720,High Achiever,"['Biology', 'Chemistry', 'Economics']",99.8,Ready for Advanced,MITx/7.00x/2013_Spring -> MITx/3.091x/2012_Fall -> MITx/3.091x/2013_Spring -> MITx/14.73x/2013_Spring -> Capstone Project & Certification Milestone,15,Software Engineer,50.0
MHxPC130021467,At-Risk Learner,"['Engineering', 'Biology', 'Chemistry']",0.0,Needs Foundation Support,MITx/6.002x/2012_Fall -> MITx/6.002x/2013_Spring -> MITx/2.01x/2013_Spring -> MITx/7.00x/2013_Spring -> MITx/3.091x/2012_Fall -> Capstone Project & Certification Milestone,24,Software Engineer,15.0
MHxPC130420300,At-Risk Learner,"['Humanities', 'Biology', 'Chemistry']",0.0,Needs Foundation Support,HarvardX/CB22x/2013_Spring -> HarvardX/ER22x/2013_Spring -> MITx/7.00x/2013_Spring -> MITx/3.091x/2012_Fall -> MITx/3.091x/2013_Spring -> Capstone Project & Certification Milestone,24,Data Scientist,0.0
MHxPC130548017,Steady Progressor,"['Computer Science', 'Physics', 'Biology']",2.0,Needs Foundation Support,HarvardX/CS50x/2012 -> MITx/6.00x/2012_Fall -> MITx/6.00x/2013_Spring -> MITx/8.MReV/2013_Summer -> MITx/8.02x/2013_Spring -> Capstone Project & Certification Milestone,24,Software Engineer,15.0
MHxPC130033629,Casual Explorer,"['Public Health', 'Biology', 'Chemistry']",4.2,Needs Foundation Support,HarvardX/PH278x/2013_Spring -> MITx/7.00x/2013_Spring -> MITx/3.091x/2012_Fall -> MITx/3.091x/2013_Spring -> Capstone Project & Certification Milestone,20,Public Health Analyst,10.0
MHxPC130440245,Casual Explorer,"['Statistics & Public Health', 'Biology', 'Chemistry']",36.2,Needs Foundation Support,HarvardX/PH207x/2012_Fall -> MITx/7.00x/2013_Spring -> MITx/3.091x/2012_Fall -> MITx/3.091x/2013_Spring -> Capstone Project & Certification Milestone,20,Public Health Analyst,20.0
MHxPC130294545,Casual Explorer,"['Engineering', 'Computer Science', 'Biology']",0.2,Needs Foundation Support,MITx/6.002x/2012_Fall -> MITx/6.002x/2013_Spring -> MITx/2.01x/2013_Spring -> HarvardX/CS50x/2012 -> MITx/6.00x/2012_Fall -> Capstone Project & Certification Milestone,24,Software Engineer,30.0
MHxPC130139558,At-Risk Learner,"['Statistics & Public Health', 'Biology', 'Chemistry']",0.0,Needs Foundation Support,HarvardX/PH207x/2012_Fall -> MITx/7.00x/2013_Spring -> MITx/3.091x/2012_Fall -> MITx/3.091x/2013_Spring -> Capstone Project & Certification Milestone,20,Data Scientist,10.0
MHxPC130319431,Steady Progressor,"['Humanities', 'Public Health', 'Biology']",0.0,Needs Foundation Support,HarvardX/CB22x/2013_Spring -> HarvardX/ER22x/2013_Spring -> HarvardX/PH278x/2013_Spring -> MITx/7.00x/2013_Spring -> Capstone Project & Certification Milestone,20,Public Health Analyst,10.0
MHxPC130062260,At-Risk Learner,"['Humanities', 'Biology', 'Chemistry']",0.0,Needs Foundation Support,HarvardX/CB22x/2013_Spring -> HarvardX/ER22x/2013_Spring -> MITx/7.00x/2013_Spring -> MITx/3.091x/2012_Fall -> MITx/3.091x/2013_Spring -> Capstone Project & Certification Milestone,24,Data Scientist,0.0
MHxPC130573015,At-Risk Learner,"['Computer Science', 'Biology', 'Chemistry']",0.0,Needs Foundation Support,HarvardX/CS50x/2012 -> MITx/6.00x/2012_Fall -> MITx/6.00x/2013_Spring -> MITx/7.00x/2013_Spring -> MITx/3.091x/2012_Fall -> Capstone Project & Certification Milestone,24,Software Engineer,15.0
MHxPC130181684,Steady Progressor,"['Computer Science', 'Engineering', 'Biology']",0.0,Needs Foundation Support,HarvardX/CS50x/2012 -> MITx/6.00x/2012_Fall -> MITx/6.00x/2013_Spring -> MITx/6.002x/2012_Fall -> MITx/6.002x/2013_Spring -> Capstone Project & Certification Milestone,24,Software Engineer,30.0
MHxPC130130026,At-Risk Learner,"['Computer Science', 'Biology', 'Chemistry']",0.0,Needs Foundation Support,HarvardX/CS50x/2012 -> MITx/6.00x/2012_Fall -> MITx/6.00x/2013_Spring -> MITx/7.00x/2013_Spring -> MITx/3.091x/2012_Fall -> Capstone Project & Certification Milestone,24,Software Engineer,15.0
MHxPC130452335,At-Risk Learner,"['Computer Science', 'Biology', 'Chemistry']",0.0,Needs Foundation Support,HarvardX/CS50x/2012 -> MITx/6.00x/2012_Fall -> MITx/6.00x/2013_Spring -> MITx/7.00x/2013_Spring -> MITx/3.091x/2012_Fall -> Capstone Project & Certification Milestone,24,Software Engineer,15.0
MHxPC130291021,High Achiever,"['Biology', 'Chemistry', 'Economics']",100.0,Ready for Advanced,MITx/7.00x/2013_Spring -> MITx/3.091x/2012_Fall -> MITx/3.091x/2013_Spring -> MITx/14.73x/2013_Spring -> Capstone Project & Certification Milestone,15,Software Engineer,50.0
MHxPC130464209,Casual Explorer,"['Economics', 'Biology', 'Chemistry']",1.2,Needs Foundation Support,MITx/14.73x/2013_Spring -> MITx/7.00x/2013_Spring -> MITx/3.091x/2012_Fall -> MITx/3.091x/2013_Spring -> Capstone Project & Certification Milestone,20,Data Scientist,10.0
MHxPC130502307,At-Risk Learner,"['Humanities', 'Biology', 'Chemistry']",0.0,Needs Foundation Support,HarvardX/CB22x/2013_Spring -> HarvardX/ER22x/2013_Spring -> MITx/7.00x/2013_Spring -> MITx/3.091x/2012_Fall -> MITx/3.091x/2013_Spring -> Capstone Project & Certification Milestone,24,Data Scientist,0.0
MHxPC130118781,At-Risk Learner,"['Physics', 'Biology', 'Chemistry']",0.0,Needs Foundation Support,MITx/8.MReV/2013_Summer -> MITx/8.02x/2013_Spring -> MITx/7.00x/2013_Spring -> MITx/3.091x/2012_Fall -> MITx/3.091x/2013_Spring -> Capstone Project & Certification Milestone,24,Research Scientist,7.5
MHxPC130312155,Steady Progressor,"['Engineering', 'Public Health', 'Biology']",0.0,Needs Foundation Support,MITx/6.002x/2012_Fall -> MITx/6.002x/2013_Spring -> MITx/2.01x/2013_Spring -> HarvardX/PH278x/2013_Spring -> MITx/7.00x/2013_Spring -> Capstone Project & Certification Milestone,24,Software Engineer,15.0
MHxPC130579966,Casual Explorer,"['Humanities', 'Public Health', 'Biology']",0.0,Needs Foundation Support,HarvardX/CB22x/2013_Spring -> HarvardX/ER22x/2013_Spring -> HarvardX/PH278x/2013_Spring -> MITx/7.00x/2013_Spring -> Capstone Project & Certification Milestone,20,Public Health Analyst,10.0
MHxPC130042082,At-Risk Learner,"['Economics', 'Biology', 'Chemistry']",0.0,Needs Foundation Support,MITx/14.73x/2013_Spring -> MITx/7.00x/2013_Spring -> MITx/3.091x/2012_Fall -> MITx/3.091x/2013_Spring -> Capstone Project & Certification Milestone,20,Data Scientist,10.0
MHxPC130107319,At-Risk Learner,"['Computer Science', 'Biology', 'Chemistry']",0.0,Needs Foundation Support,HarvardX/CS50x/2012 -> MITx/6.00x/2012_Fall -> MITx/6.00x/2013_Spring -> MITx/7.00x/2013_Spring -> MITx/3.091x/2012_Fall -> Capstone Project & Certification Milestone,24,Software Engineer,15.0
MHxPC130584785,At-Risk Learner,"['Computer Science', 'Biology', 'Chemistry']",0.0,Needs Foundation Support,HarvardX/CS50x/2012 -> MITx/6.00x/2012_Fall -> MITx/6.00x/2013_Spring -> MITx/7.00x/2013_Spring -> MITx/3.091x/2012_Fall -> Capstone Project & Certification Milestone,24,Software Engineer,15.0
MHxPC130419305,At-Risk Learner,"['Computer Science', 'Biology', 'Chemistry']",0.0,Needs Foundation Support,HarvardX/CS50x/2012 -> MITx/6.00x/2012_Fall -> MITx/6.00x/2013_Spring -> MITx/7.00x/2013_Spring -> MITx/3.091x/2012_Fall -> Capstone Project & Certification Milestone,24,Software Engineer,15.0
MHxPC130263422,Steady Progressor,"['Statistics & Public Health', 'Computer Science', 'Public Health']",0.9,Needs Foundation Support,HarvardX/PH207x/2012_Fall -> HarvardX/CS50x/2012 -> MITx/6.00x/2012_Fall -> MITx/6.00x/2013_Spring -> HarvardX/PH278x/2013_Spring -> Capstone Project & Certification Milestone,24,Data Scientist,20.0
MHxPC130388527,At-Risk Learner,"['Computer Science', 'Biology', 'Chemistry']",0.0,Needs Foundation Support,HarvardX/CS50x/2012 -> MITx/6.00x/2012_Fall -> MITx/6.00x/2013_Spring -> MITx/7.00x/2013_Spring -> MITx/3.091x/2012_Fall -> Capstone Project & Certification Milestone,24,Software Engineer,15.0
MHxPC130446291,At-Risk Learner,"['Economics', 'Public Health', 'Biology']",0.0,Needs Foundation Support,MITx/14.73x/2013_Spring -> HarvardX/PH278x/2013_Spring -> MITx/7.00x/2013_Spring -> Capstone Project & Certification Milestone,16,Data Scientist,10.0
MHxPC130055326,At-Risk Learner,"['Humanities', 'Biology', 'Chemistry']",0.0,Needs Foundation Support,HarvardX/CB22x/2013_Spring -> HarvardX/ER22x/2013_Spring -> MITx/7.00x/2013_Spring -> MITx/3.091x/2012_Fall -> MITx/3.091x/2013_Spring -> Capstone Project & Certification Milestone,24,Data Scientist,0.0
MHxPC130055655,Steady Progressor,"['Computer Science', 'Chemistry', 'Engineering']",0.0,Needs Foundation Support,HarvardX/CS50x/2012 -> MITx/6.00x/2012_Fall -> MITx/6.00x/2013_Spring -> MITx/3.091x/2012_Fall -> MITx/3.091x/2013_Spring -> Capstone Project & Certification Milestone,24,Software Engineer,30.0
MHxPC130456794,At-Risk Learner,"['Humanities', 'Physics', 'Biology']",0.0,Needs Foundation Support,HarvardX/CB22x/2013_Spring -> HarvardX/ER22x/2013_Spring -> MITx/8.MReV/2013_Summer -> MITx/8.02x/2013_Spring -> MITx/7.00x/2013_Spring -> Capstone Project & Certification Milestone,24,Research Scientist,7.5
MHxPC130395565,At-Risk Learner,"['Computer Science', 'Biology', 'Chemistry']",0.0,Needs Foundation Support,HarvardX/CS50x/2012 -> MITx/6.00x/2012_Fall -> MITx/6.00x/2013_Spring -> MITx/7.00x/2013_Spring -> MITx/3.091x/2012_Fall -> Capstone Project & Certification Milestone,24,Software Engineer,15.0
MHxPC130246216,Casual Explorer,"['Computer Science', 'Biology', 'Chemistry']",0.0,Needs Foundation Support,HarvardX/CS50x/2012 -> MITx/6.00x/2012_Fall -> MITx/6.00x/2013_Spring -> MITx/7.00x/2013_Spring -> MITx/3.091x/2012_Fall -> Capstone Project & Certification Milestone,24,Software Engineer,15.0
MHxPC130424743,At-Risk Learner,"['Computer Science', 'Biology', 'Chemistry']",0.0,Needs Foundation Support,HarvardX/CS50x/2012 -> MITx/6.00x/2012_Fall -> MITx/6.00x/2013_Spring -> MITx/7.00x/2013_Spring -> MITx/3.091x/2012_Fall -> Capstone Project & Certification Milestone,24,Software Engineer,15.0
MHxPC130097469,At-Risk Learner,"['Engineering', 'Chemistry', 'Biology']",0.0,Needs Foundation Support,MITx/6.002x/2012_Fall -> MITx/6.002x/2013_Spring -> MITx/2.01x/2013_Spring -> MITx/3.091x/2012_Fall -> MITx/3.091x/2013_Spring -> Capstone Project & Certification Milestone,24,Software Engineer,15.0
MHxPC130193958,At-Risk Learner,"['Biology', 'Chemistry', 'Computer Science']",0.0,Needs Foundation Support,MITx/7.00x/2013_Spring -> MITx/3.091x/2012_Fall -> MITx/3.091x/2013_Spring -> HarvardX/CS50x/2012 -> MITx/6.00x/2012_Fall -> Capstone Project & Certification Milestone,24,Public Health Analyst,10.0
MHxPC130020092,At-Risk Learner,"['Computer Science', 'Biology', 'Chemistry']",0.0,Needs Foundation Support,HarvardX/CS50x/2012 -> MITx/6.00x/2012_Fall -> MITx/6.00x/2013_Spring -> MITx/7.00x/2013_Spring -> MITx/3.091x/2012_Fall -> Capstone Project & Certification Milestone,24,Software Engineer,15.0
MHxPC130196402,At-Risk Learner,"['Computer Science', 'Biology', 'Chemistry']",0.0,Needs Foundation Support,HarvardX/CS50x/2012 -> MITx/6.00x/2012_Fall -> MITx/6.00x/2013_Spring -> MITx/7.00x/2013_Spring -> MITx/3.091x/2012_Fall -> Capstone Project & Certification Milestone,24,Software Engineer,15.0
MHxPC130052174,Casual Explorer,"['Engineering', 'Biology', 'Chemistry']",0.0,Needs Foundation Support,MITx/6.002x/2012_Fall -> MITx/6.002x/2013_Spring -> MITx/2.01x/2013_Spring -> MITx/7.00x/2013_Spring -> MITx/3.091x/2012_Fall -> Capstone Project & Certification Milestone,24,Software Engineer,15.0
MHxPC130251156,Casual Explorer,"['Computer Science', 'Biology', 'Chemistry']",0.0,Needs Foundation Support,HarvardX/CS50x/2012 -> MITx/6.00x/2012_Fall -> MITx/6.00x/2013_Spring -> MITx/7.00x/2013_Spring -> MITx/3.091x/2012_Fall -> Capstone Project & Certification Milestone,24,Software Engineer,15.0
MHxPC130491456,Steady Progressor,"['Computer Science', 'Humanities', 'Public Health']",0.0,Needs Foundation Support,HarvardX/CS50x/2012 -> MITx/6.00x/2012_Fall -> MITx/6.00x/2013_Spring -> HarvardX/CB22x/2013_Spring -> HarvardX/ER22x/2013_Spring -> Capstone Project & Certification Milestone,24,Software Engineer,15.0
MHxPC130585117,At-Risk Learner,"['Computer Science', 'Biology', 'Chemistry']",0.0,Needs Foundation Support,HarvardX/CS50x/2012 -> MITx/6.00x/2012_Fall -> MITx/6.00x/2013_Spring -> MITx/7.00x/2013_Spring -> MITx/3.091x/2012_Fall -> Capstone Project & Certification Milestone,24,Software Engineer,15.0
MHxPC130052995,Casual Explorer,"['Humanities', 'Public Health', 'Biology']",1.9,Needs Foundation Support,HarvardX/CB22x/2013_Spring -> HarvardX/ER22x/2013_Spring -> HarvardX/PH278x/2013_Spring -> MITx/7.00x/2013_Spring -> Capstone Project & Certification Milestone,20,Public Health Analyst,10.0
MHxPC130073184,At-Risk Learner,"['Economics', 'Biology', 'Chemistry']",0.0,Needs Foundation Support,MITx/14.73x/2013_Spring -> MITx/7.00x/2013_Spring -> MITx/3.091x/2012_Fall -> MITx/3.091x/2013_Spring -> Capstone Project & Certification Milestone,20,Data Scientist,10.0
MHxPC130230782,High Achiever,"['Biology', 'Chemistry', 'Computer Science']",99.8,Ready for Advanced,MITx/7.00x/2013_Spring -> MITx/3.091x/2012_Fall -> MITx/3.091x/2013_Spring -> HarvardX/CS50x/2012 -> MITx/6.00x/2012_Fall -> Capstone Project & Certification Milestone,18,Data Scientist,0.0
MHxPC130354876,At-Risk Learner,"['Computer Science', 'Biology', 'Chemistry']",0.0,Needs Foundation Support,HarvardX/CS50x/2012 -> MITx/6.00x/2012_Fall -> MITx/6.00x/2013_Spring -> MITx/7.00x/2013_Spring -> MITx/3.091x/2012_Fall -> Capstone Project & Certification Milestone,24,Software Engineer,15.0
MHxPC130284523,At-Risk Learner,"['Computer Science', 'Biology', 'Chemistry']",0.0,Needs Foundation Support,HarvardX/CS50x/2012 -> MITx/6.00x/2012_Fall -> MITx/6.00x/2013_Spring -> MITx/7.00x/2013_Spring -> MITx/3.091x/2012_Fall -> Capstone Project & Certification Milestone,24,Software Engineer,15.0
MHxPC130146136,Casual Explorer,"['Computer Science', 'Physics', 'Biology']",3.1,Needs Foundation Support,HarvardX/CS50x/2012 -> MITx/6.00x/2012_Fall -> MITx/6.00x/2013_Spring -> MITx/8.MReV/2013_Summer -> MITx/8.02x/2013_Spring -> Capstone Project & Certification Milestone,24,Software Engineer,15.0
MHxPC130562345,At-Risk Learner,"['Engineering', 'Biology', 'Chemistry']",0.0,Needs Foundation Support,MITx/6.002x/2012_Fall -> MITx/6.002x/2013_Spring -> MITx/2.01x/2013_Spring -> MITx/7.00x/2013_Spring -> MITx/3.091x/2012_Fall -> Capstone Project & Certification Milestone,24,Software Engineer,15.0
MHxPC130417028,At-Risk Learner,"['Computer Science', 'Biology', 'Chemistry']",0.4,Needs Foundation Support,HarvardX/CS50x/2012 -> MITx/6.00x/2012_Fall -> MITx/6.00x/2013_Spring -> MITx/7.00x/2013_Spring -> MITx/3.091x/2012_Fall -> Capstone Project & Certification Milestone,24,Software Engineer,15.0
MHxPC130530962,At-Risk Learner,"['Computer Science', 'Biology', 'Chemistry']",0.0,Needs Foundation Support,HarvardX/CS50x/2012 -> MITx/6.00x/2012_Fall -> MITx/6.00x/2013_Spring -> MITx/7.00x/2013_Spring -> MITx/3.091x/2012_Fall -> Capstone Project & Certification Milestone,24,Software Engineer,15.0
MHxPC130003308,At-Risk Learner,"['Computer Science', 'Biology', 'Chemistry']",0.0,Needs Foundation Support,HarvardX/CS50x/2012 -> MITx/6.00x/2012_Fall -> MITx/6.00x/2013_Spring -> MITx/7.00x/2013_Spring -> MITx/3.091x/2012_Fall -> Capstone Project & Certification Milestone,24,Software Engineer,15.0
MHxPC130289002,Steady Progressor,"['Biology', 'Chemistry', 'Physics']",0.5,Needs Foundation Support,MITx/7.00x/2013_Spring -> MITx/3.091x/2012_Fall -> MITx/3.091x/2013_Spring -> MITx/8.MReV/2013_Summer -> MITx/8.02x/2013_Spring -> Capstone Project & Certification Milestone,24,Research Scientist,22.5
MHxPC130121121,At-Risk Learner,"['Humanities', 'Biology', 'Chemistry']",0.0,Needs Foundation Support,HarvardX/CB22x/2013_Spring -> HarvardX/ER22x/2013_Spring -> MITx/7.00x/2013_Spring -> MITx/3.091x/2012_Fall -> MITx/3.091x/2013_Spring -> Capstone Project & Certification Milestone,24,Data Scientist,0.0
MHxPC130193454,At-Risk Learner,"['Computer Science', 'Biology', 'Chemistry']",0.2,Needs Foundation Support,HarvardX/CS50x/2012 -> MITx/6.00x/2012_Fall -> MITx/6.00x/2013_Spring -> MITx/7.00x/2013_Spring -> MITx/3.091x/2012_Fall -> Capstone Project & Certification Milestone,24,Software Engineer,15.0
MHxPC130377589,High Achiever,"['Computer Science', 'Biology', 'Chemistry']",50.0,Building Readiness,HarvardX/CS50x/2012 -> MITx/6.00x/2012_Fall -> MITx/6.00x/2013_Spring -> MITx/7.00x/2013_Spring -> MITx/3.091x/2012_Fall -> Capstone Project & Certification Milestone,24,Software Engineer,15.0
MHxPC130482143,At-Risk Learner,"['Computer Science', 'Biology', 'Chemistry']",0.0,Needs Foundation Support,HarvardX/CS50x/2012 -> MITx/6.00x/2012_Fall -> MITx/6.00x/2013_Spring -> MITx/7.00x/2013_Spring -> MITx/3.091x/2012_Fall -> Capstone Project & Certification Milestone,24,Software Engineer,15.0
MHxPC130235960,At-Risk Learner,"['Computer Science', 'Biology', 'Chemistry']",0.0,Needs Foundation Support,HarvardX/CS50x/2012 -> MITx/6.00x/2012_Fall -> MITx/6.00x/2013_Spring -> MITx/7.00x/2013_Spring -> MITx/3.091x/2012_Fall -> Capstone Project & Certification Milestone,24,Software Engineer,15.0
