userid_DI,courses_taken,domains_covered,avg_engagement,completion_rate,learning_readiness_score,readiness_band,persona
MHxPC130020526,1,1,4.23,0.0,0.0,Needs Foundation Support,At-Risk Learner
MHxPC130290143,1,1,16.68,0.0,0.0,Needs Foundation Support,Casual Explorer
MHxPC130378643,1,1,4.96,0.0,0.0,Needs Foundation Support,At-Risk Learner
MHxPC130258775,1,1,4.96,0.0,0.0,Needs Foundation Support,At-Risk Learner
MHxPC130028120,3,3,9.270000000000001,0.0,0.0,Needs Foundation Support,Steady Progressor
MHxPC130231326,1,1,18.25,0.0,0.0,Needs Foundation Support,At-Risk Learner
MHxPC130429283,2,1,4.96,0.0,0.0,Needs Foundation Support,At-Risk Learner
MHxPC130154584,1,1,0.0,0.0,0.0,Needs Foundation Support,At-Risk Learner
MHxPC130347331,1,1,2.67,0.0,0.0,Needs Foundation Support,At-Risk Learner
MHxPC130035617,1,1,2.67,0.0,0.0,Needs Foundation Support,At-Risk Learner
MHxPC130186734,2,1,11.94,0.0,0.0,Needs Foundation Support,At-Risk Learner
MHxPC130447047,2,2,15.385,0.0,0.0,Needs Foundation Support,At-Risk Learner
MHxPC130368351,2,1,6.8549999999999995,0.0,0.0,Needs Foundation Support,At-Risk Learner
MHxPC130027090,2,1,3.815,0.0,0.0,Needs Foundation Support,At-Risk Learner
MHxPC130445436,3,3,11.353333333333333,0.0,0.0,Needs Foundation Support,Steady Progressor
MHxPC130088991,1,1,26.6,0.0,0.0,Needs Foundation Support,Casual Explorer
MHxPC130484164,1,1,4.23,0.0,0.0,Needs Foundation Support,At-Risk Learner
MHxPC130436261,1,1,20.03,0.0,0.0,Needs Foundation Support,Casual Explorer
MHxPC130427241,1,1,24.51,0.0,0.0,Needs Foundation Support,Casual Explorer
MHxPC130394659,1,1,12.89,0.0,0.0,Needs Foundation Support,At-Risk Learner
MHxPC130233255,1,1,0.0,0.0,0.0,Needs Foundation Support,At-Risk Learner
MHxPC130223726,1,1,12.83,0.0,0.0,Needs Foundation Support,At-Risk Learner
MHxPC130102586,1,1,42.35,0.0,0.0,Needs Foundation Support,Casual Explorer
MHxPC130038515,1,1,12.79,0.0,0.0,Needs Foundation Support,At-Risk Learner
MHxPC130217011,3,3,18.83,0.0,0.0,Needs Foundation Support,Steady Progressor
MHxPC130271040,1,1,15.84,0.0,0.0,Needs Foundation Support,At-Risk Learner
MHxPC130412914,1,1,0.0,0.0,0.0,Needs Foundation Support,At-Risk Learner
MHxPC130167527,1,1,2.67,0.0,0.0,Needs Foundation Support,At-Risk Learner
MHxPC130425326,1,1,22.76,0.0,0.0,Needs Foundation Support,Casual Explorer
MHxPC130208917,1,1,41.39,0.0,0.0,Needs Foundation Support,Casual Explorer
MHxPC130062553,1,1,41.9,0.0,0.3,Needs Foundation Support,Casual Explorer
MHxPC130565245,1,1,25.53,0.0,0.0,Needs Foundation Support,Casual Explorer
MHxPC130442617,1,1,9.33,0.0,0.0,Needs Foundation Support,At-Risk Learner
MHxPC130025382,1,1,6.66,0.0,0.0,Needs Foundation Support,At-Risk Learner
MHxPC130286462,1,1,30.63,0.0,0.0,Needs Foundation Support,Casual Explorer
MHxPC130043546,1,1,21.26,0.0,0.0,Needs Foundation Support,Casual Explorer
MHxPC130049204,2,1,2.48,0.0,0.0,Needs Foundation Support,At-Risk Learner
MHxPC130266168,1,1,18.93,0.0,0.0,Needs Foundation Support,At-Risk Learner
MHxPC130227456,2,2,16.105,0.0,0.0,Needs Foundation Support,At-Risk Learner
MHxPC130456245,1,1,30.93,0.0,0.0,Needs Foundation Support,Casual Explorer
MHxPC130397970,2,2,20.425,0.0,0.5,Needs Foundation Support,Casual Explorer
MHxPC130570043,2,2,2.48,0.0,0.0,Needs Foundation Support,At-Risk Learner
MHxPC130382933,1,1,4.96,0.0,0.0,Needs Foundation Support,At-Risk Learner
MHxPC130541202,1,1,4.96,0.0,0.0,Needs Foundation Support,At-Risk Learner
MHxPC130543934,2,1,7.95,0.0,0.8,Needs Foundation Support,At-Risk Learner
MHxPC130084576,2,1,7.92,0.0,0.0,Needs Foundation Support,At-Risk Learner
MHxPC130222683,2,2,37.255,0.5,50.0,Building Readiness,High Achiever
MHxPC130557116,1,1,41.5,0.0,2.0,Needs Foundation Support,Casual Explorer
MHxPC130427253,1,1,25.86,0.0,0.0,Needs Foundation Support,Casual Explorer
MHxPC130108780,1,1,4.96,0.0,0.0,Needs Foundation Support,At-Risk Learner
MHxPC130063311,2,1,26.28,0.0,0.0,Needs Foundation Support,Casual Explorer
MHxPC130372203,1,1,2.67,0.0,0.0,Needs Foundation Support,At-Risk Learner
MHxPC130196623,3,2,16.94666666666667,0.0,0.0,Needs Foundation Support,Steady Progressor
MHxPC130536789,1,1,22.01,0.0,0.4,Needs Foundation Support,Casual Explorer
MHxPC130016140,1,1,29.24,0.0,0.0,Needs Foundation Support,Casual Explorer
MHxPC130455084,1,1,2.67,0.0,0.0,Needs Foundation Support,At-Risk Learner
MHxPC130054435,2,2,1.335,0.0,0.0,Needs Foundation Support,At-Risk Learner
MHxPC130405748,1,1,30.6,0.0,0.0,Needs Foundation Support,Casual Explorer
MHxPC130227641,1,1,33.85,0.0,0.4,Needs Foundation Support,Casual Explorer
MHxPC130196772,1,1,35.99,0.0,2.3,Needs Foundation Support,Casual Explorer
MHxPC130424160,1,1,31.96,0.0,0.0,Needs Foundation Support,Casual Explorer
MHxPC130474858,3,3,25.223333333333333,0.0,0.3,Needs Foundation Support,Steady Progressor
MHxPC130248869,1,1,0.0,0.0,0.0,Needs Foundation Support,At-Risk Learner
MHxPC130561572,1,1,9.56,0.0,0.0,Needs Foundation Support,At-Risk Learner
MHxPC130578161,1,1,5.96,0.0,0.0,Needs Foundation Support,At-Risk Learner
MHxPC130347345,1,1,0.0,0.0,0.0,Needs Foundation Support,At-Risk Learner
MHxPC130134671,2,2,4.96,0.0,0.0,Needs Foundation Support,At-Risk Learner
MHxPC130268767,2,2,22.2,0.0,0.5,Needs Foundation Support,Casual Explorer
MHxPC130423804,1,1,22.4,0.0,0.5,Needs Foundation Support,Casual Explorer
MHxPC130039669,1,1,9.19,0.0,0.0,Needs Foundation Support,At-Risk Learner
MHxPC130015353,1,1,22.72,0.0,0.0,Needs Foundation Support,Casual Explorer
MHxPC130567009,1,1,21.36,0.0,0.0,Needs Foundation Support,Casual Explorer
MHxPC130288516,1,1,7.86,0.0,0.0,Needs Foundation Support,At-Risk Learner
MHxPC130524944,1,1,4.96,0.0,0.0,Needs Foundation Support,At-Risk Learner
MHxPC130188535,1,1,12.74,0.0,0.0,Needs Foundation Support,At-Risk Learner
MHxPC130097878,1,1,42.99,0.0,0.0,Needs Foundation Support,Casual Explorer
MHxPC130319875,1,1,5.96,0.0,0.0,Needs Foundation Support,At-Risk Learner
MHxPC130420024,1,1,15.85,0.0,0.0,Needs Foundation Support,At-Risk Learner
MHxPC130472247,2,1,11.655,0.0,0.0,Needs Foundation Support,At-Risk Learner
MHxPC130371937,4,3,25.2625,0.0,0.0,Needs Foundation Support,Steady Progressor
MHxPC130035241,1,1,24.38,0.0,0.0,Needs Foundation Support,Casual Explorer
MHxPC130037420,1,1,7.49,0.0,0.0,Needs Foundation Support,At-Risk Learner
MHxPC130493064,5,5,22.986,0.0,1.2,Needs Foundation Support,Steady Progressor
MHxPC130048129,1,1,0.0,0.0,0.0,Needs Foundation Support,At-Risk Learner
MHxPC130401563,1,1,8.57,0.0,0.0,Needs Foundation Support,At-Risk Learner
MHxPC130002116,1,1,4.96,0.0,0.0,Needs Foundation Support,At-Risk Learner
MHxPC130500404,2,2,10.685,0.0,0.0,Needs Foundation Support,At-Risk Learner
MHxPC130498592,2,1,12.06,0.0,0.0,Needs Foundation Support,At-Risk Learner
MHxPC130168599,1,1,5.34,0.0,0.0,Needs Foundation Support,At-Risk Learner
MHxPC130150320,1,1,27.9,0.0,0.0,Needs Foundation Support,Casual Explorer
MHxPC130485729,1,1,5.96,0.0,0.0,Needs Foundation Support,At-Risk Learner
MHxPC130498769,1,1,5.96,0.0,0.0,Needs Foundation Support,At-Risk Learner
MHxPC130301889,2,2,37.705,0.5,50.0,Building Readiness,High Achiever
MHxPC130365589,1,1,11.33,0.0,0.0,Needs Foundation Support,At-Risk Learner
MHxPC130520410,1,1,6.66,0.0,0.0,Needs Foundation Support,At-Risk Learner
MHxPC130541299,1,1,28.35,0.0,0.0,Needs Foundation Support,Casual Explorer
MHxPC130550568,1,1,28.96,0.0,0.4,Needs Foundation Support,Casual Explorer
MHxPC130460496,1,1,17.28,0.0,0.0,Needs Foundation Support,At-Risk Learner
MHxPC130362733,2,2,38.21,0.0,49.6,Building Readiness,Casual Explorer
MHxPC130544108,1,1,25.05,0.0,0.0,Needs Foundation Support,Casual Explorer
MHxPC130004589,1,1,2.67,0.0,0.0,Needs Foundation Support,At-Risk Learner
MHxPC130109685,1,1,32.26,0.0,0.0,Needs Foundation Support,Casual Explorer
MHxPC130252733,1,1,34.93,0.0,0.3,Needs Foundation Support,Casual Explorer
MHxPC130233754,1,1,20.1,0.0,0.7,Needs Foundation Support,Casual Explorer
MHxPC130222680,1,1,2.67,0.0,0.0,Needs Foundation Support,At-Risk Learner
MHxPC130336525,2,1,28.165,0.0,0.0,Needs Foundation Support,Casual Explorer
MHxPC130487530,1,1,4.96,0.0,0.0,Needs Foundation Support,At-Risk Learner
MHxPC130539100,1,1,47.75,0.0,2.0,Needs Foundation Support,Casual Explorer
MHxPC130516364,1,1,5.96,0.0,0.0,Needs Foundation Support,At-Risk Learner
MHxPC130209133,3,3,14.606666666666664,0.0,0.0,Needs Foundation Support,Steady Progressor
MHxPC130403373,1,1,4.96,0.0,0.0,Needs Foundation Support,At-Risk Learner
MHxPC130152612,1,1,2.67,0.0,0.0,Needs Foundation Support,At-Risk Learner
MHxPC130033394,2,2,25.325,0.0,0.4,Needs Foundation Support,Casual Explorer
MHxPC130331149,1,1,2.67,0.0,0.0,Needs Foundation Support,At-Risk Learner
MHxPC130050593,1,1,13.62,0.0,0.0,Needs Foundation Support,At-Risk Learner
MHxPC130413361,1,1,37.73,0.0,1.3,Needs Foundation Support,Casual Explorer
MHxPC130072130,2,1,11.49,0.0,0.0,Needs Foundation Support,At-Risk Learner
MHxPC130187799,1,1,25.53,0.0,0.0,Needs Foundation Support,Casual Explorer
MHxPC130140950,1,1,4.23,0.0,0.0,Needs Foundation Support,At-Risk Learner
MHxPC130278583,1,1,25.75,0.0,0.0,Needs Foundation Support,Casual Explorer
MHxPC130525472,1,1,26.56,0.0,6.1,Needs Foundation Support,Casual Explorer
MHxPC130459904,2,1,14.89,0.0,0.0,Needs Foundation Support,At-Risk Learner
MHxPC130384688,1,1,4.96,0.0,0.0,Needs Foundation Support,At-Risk Learner
MHxPC130359898,1,1,2.67,0.0,0.0,Needs Foundation Support,At-Risk Learner
MHxPC130582640,1,1,0.0,0.0,0.0,Needs Foundation Support,At-Risk Learner
MHxPC130118062,1,1,11.82,0.0,0.0,Needs Foundation Support,At-Risk Learner
MHxPC130289017,2,2,30.885,0.0,0.0,Needs Foundation Support,Casual Explorer
MHxPC130132835,1,1,5.96,0.0,0.0,Needs Foundation Support,At-Risk Learner
MHxPC130584054,1,1,4.96,0.0,0.0,Needs Foundation Support,At-Risk Learner
MHxPC130214219,1,1,37.28,0.0,0.0,Needs Foundation Support,Casual Explorer
MHxPC130537448,1,1,5.96,0.0,0.0,Needs Foundation Support,At-Risk Learner
MHxPC130259291,1,1,20.36,0.0,0.0,Needs Foundation Support,Casual Explorer
MHxPC130364151,2,1,25.43,0.0,1.4,Needs Foundation Support,Casual Explorer
MHxPC130445071,1,1,0.0,0.0,0.0,Needs Foundation Support,At-Risk Learner
MHxPC130570728,2,1,47.885000000000005,0.0,4.7,Needs Foundation Support,Casual Explorer
MHxPC130536154,5,4,4.818,0.0,0.0,Needs Foundation Support,Steady Progressor
MHxPC130257760,1,1,28.32,0.0,0.0,Needs Foundation Support,Casual Explorer
MHxPC130569734,4,4,2.0525,0.0,0.0,Needs Foundation Support,Steady Progressor
MHxPC130019360,1,1,23.1,0.0,0.0,Needs Foundation Support,Casual Explorer
MHxPC130523932,1,1,5.96,0.0,0.0,Needs Foundation Support,At-Risk Learner
MHxPC130549425,1,1,22.7,0.0,0.0,Needs Foundation Support,Casual Explorer
MHxPC130217771,1,1,0.0,0.0,0.0,Needs Foundation Support,At-Risk Learner
MHxPC130521322,1,1,0.0,0.0,0.0,Needs Foundation Support,At-Risk Learner
MHxPC130017890,1,1,33.31,0.0,0.0,Needs Foundation Support,Casual Explorer
MHxPC130005068,1,1,2.67,0.0,0.0,Needs Foundation Support,At-Risk Learner
MHxPC130283686,1,1,10.33,0.0,0.0,Needs Foundation Support,At-Risk Learner
MHxPC130497533,1,1,0.0,0.0,0.0,Needs Foundation Support,At-Risk Learner
MHxPC130439769,1,1,3.25,0.0,0.0,Needs Foundation Support,At-Risk Learner
MHxPC130379114,1,1,4.96,0.0,0.0,Needs Foundation Support,At-Risk Learner
MHxPC130163908,1,1,35.38,0.0,1.5,Needs Foundation Support,Casual Explorer
MHxPC130248895,1,1,10.82,0.0,0.0,Needs Foundation Support,At-Risk Learner
MHxPC130135539,1,1,13.03,0.0,0.0,Needs Foundation Support,At-Risk Learner
MHxPC130041519,1,1,11.82,0.0,0.0,Needs Foundation Support,At-Risk Learner
MHxPC130346831,2,1,9.875,0.0,0.0,Needs Foundation Support,At-Risk Learner
MHxPC130311168,1,1,11.82,0.0,0.0,Needs Foundation Support,At-Risk Learner
MHxPC130150518,2,2,18.65,0.0,0.0,Needs Foundation Support,Casual Explorer
MHxPC130388050,1,1,15.54,0.0,0.0,Needs Foundation Support,At-Risk Learner
MHxPC130478271,1,1,7.86,0.0,0.0,Needs Foundation Support,At-Risk Learner
MHxPC130432375,1,1,15.41,0.0,0.0,Needs Foundation Support,At-Risk Learner
MHxPC130085816,1,1,25.79,0.0,0.0,Needs Foundation Support,Casual Explorer
MHxPC130104562,1,1,18.18,0.0,0.0,Needs Foundation Support,At-Risk Learner
MHxPC130232144,1,1,0.0,0.0,0.0,Needs Foundation Support,At-Risk Learner
MHxPC130169998,1,1,28.55,0.0,0.0,Needs Foundation Support,Casual Explorer
MHxPC130473242,1,1,11.92,0.0,0.0,Needs Foundation Support,At-Risk Learner
MHxPC130587166,1,1,17.42,0.0,0.0,Needs Foundation Support,At-Risk Learner
MHxPC130271024,1,1,0.0,0.0,0.0,Needs Foundation Support,At-Risk Learner
MHxPC130081640,1,1,0.0,0.0,0.0,Needs Foundation Support,At-Risk Learner
MHxPC130492980,2,1,3.815,0.0,0.0,Needs Foundation Support,At-Risk Learner
MHxPC130436696,1,1,4.96,0.0,0.0,Needs Foundation Support,At-Risk Learner
MHxPC130262508,5,3,13.134,0.0,0.0,Needs Foundation Support,Steady Progressor
MHxPC130407327,1,1,32.39,0.0,0.0,Needs Foundation Support,Casual Explorer
MHxPC130232339,1,1,44.2,0.0,0.4,Needs Foundation Support,Casual Explorer
MHxPC130390752,1,1,14.6,0.0,0.0,Needs Foundation Support,At-Risk Learner
MHxPC130027550,1,1,4.96,0.0,0.0,Needs Foundation Support,At-Risk Learner
MHxPC130209227,1,1,2.67,0.0,0.0,Needs Foundation Support,At-Risk Learner
MHxPC130224020,2,1,2.48,0.0,0.0,Needs Foundation Support,At-Risk Learner
MHxPC130019316,1,1,28.83,0.0,0.6,Needs Foundation Support,Casual Explorer
MHxPC130107717,1,1,35.27,0.0,0.0,Needs Foundation Support,Casual Explorer
MHxPC130060414,1,1,31.69,0.0,0.0,Needs Foundation Support,Casual Explorer
MHxPC130453213,1,1,11.04,0.0,0.0,Needs Foundation Support,At-Risk Learner
MHxPC130065982,1,1,27.29,0.0,0.0,Needs Foundation Support,Casual Explorer
MHxPC130491867,1,1,2.67,0.0,0.0,Needs Foundation Support,At-Risk Learner
MHxPC130446090,1,1,13.44,0.0,0.0,Needs Foundation Support,At-Risk Learner
MHxPC130422751,1,1,4.96,0.0,0.0,Needs Foundation Support,At-Risk Learner
MHxPC130501865,1,1,0.0,0.0,0.0,Needs Foundation Support,At-Risk Learner
MHxPC130192936,1,1,19.12,0.0,0.0,Needs Foundation Support,At-Risk Learner
MHxPC130096675,1,1,15.8,0.0,0.0,Needs Foundation Support,At-Risk Learner
MHxPC130423945,1,1,0.0,0.0,0.0,Needs Foundation Support,At-Risk Learner
MHxPC130048537,1,1,6.66,0.0,0.0,Needs Foundation Support,At-Risk Learner
MHxPC130043682,1,1,4.23,0.0,0.0,Needs Foundation Support,At-Risk Learner
MHxPC130109754,1,1,2.67,0.0,0.0,Needs Foundation Support,At-Risk Learner
MHxPC130461052,1,1,53.82,1.0,99.4,Ready for Advanced,High Achiever
MHxPC130486112,1,1,19.81,0.0,0.0,Needs Foundation Support,Casual Explorer
MHxPC130219536,1,1,7.21,0.0,0.0,Needs Foundation Support,At-Risk Learner
MHxPC130256800,1,1,0.0,0.0,0.0,Needs Foundation Support,At-Risk Learner
MHxPC130520992,1,1,41.29,0.0,0.0,Needs Foundation Support,Casual Explorer
MHxPC130530659,3,2,46.333333333333336,0.667,66.6,Building Readiness,High Achiever
MHxPC130322874,2,1,25.325000000000003,0.0,0.2,Needs Foundation Support,Casual Explorer
MHxPC130499228,1,1,0.0,0.0,0.0,Needs Foundation Support,At-Risk Learner
MHxPC130434631,1,1,19.69,0.0,0.0,Needs Foundation Support,Casual Explorer
MHxPC130081792,2,1,5.41,0.0,0.0,Needs Foundation Support,At-Risk Learner
MHxPC130450825,1,1,5.96,0.0,0.0,Needs Foundation Support,At-Risk Learner
MHxPC130108301,1,1,8.47,0.0,0.3,Needs Foundation Support,At-Risk Learner
MHxPC130504282,1,1,4.96,0.0,0.0,Needs Foundation Support,At-Risk Learner
MHxPC130500780,1,1,4.96,0.0,0.0,Needs Foundation Support,At-Risk Learner
MHxPC130325879,1,1,0.0,0.0,0.0,Needs Foundation Support,At-Risk Learner
MHxPC130229047,1,1,4.23,0.0,0.0,Needs Foundation Support,At-Risk Learner
MHxPC130359099,1,1,4.96,0.0,0.0,Needs Foundation Support,At-Risk Learner
MHxPC130341726,1,1,0.0,0.0,0.0,Needs Foundation Support,At-Risk Learner
MHxPC130102158,2,1,18.095,0.0,0.0,Needs Foundation Support,At-Risk Learner
MHxPC130456582,3,2,18.103333333333335,0.0,1.3,Needs Foundation Support,Steady Progressor
MHxPC130432763,2,2,20.490000000000002,0.0,0.1,Needs Foundation Support,Casual Explorer
MHxPC130132749,2,1,14.175,0.0,0.0,Needs Foundation Support,At-Risk Learner
MHxPC130203368,1,1,6.66,0.0,0.0,Needs Foundation Support,At-Risk Learner
MHxPC130571285,1,1,39.48,0.0,0.0,Needs Foundation Support,Casual Explorer
MHxPC130499273,1,1,9.88,0.0,0.0,Needs Foundation Support,At-Risk Learner
MHxPC130351982,1,1,5.96,0.0,0.0,Needs Foundation Support,At-Risk Learner
MHxPC130413178,1,1,7.63,0.0,0.0,Needs Foundation Support,At-Risk Learner
MHxPC130346171,1,1,35.53,1.0,99.2,Ready for Advanced,High Achiever
MHxPC130397634,1,1,39.22,0.0,0.0,Needs Foundation Support,Casual Explorer
MHxPC130229451,2,2,19.65,0.0,0.0,Needs Foundation Support,Casual Explorer
MHxPC130272611,1,1,15.54,0.0,0.0,Needs Foundation Support,At-Risk Learner
MHxPC130240866,1,1,25.22,0.0,0.0,Needs Foundation Support,Casual Explorer
MHxPC130377923,1,1,7.21,0.0,0.0,Needs Foundation Support,At-Risk Learner
MHxPC130163445,1,1,12.54,0.0,0.0,Needs Foundation Support,At-Risk Learner
MHxPC130132780,1,1,30.6,0.0,0.0,Needs Foundation Support,Casual Explorer
MHxPC130073329,1,1,0.0,0.0,0.0,Needs Foundation Support,At-Risk Learner
MHxPC130488310,1,1,17.2,0.0,0.0,Needs Foundation Support,At-Risk Learner
MHxPC130145483,1,1,4.96,0.0,0.0,Needs Foundation Support,At-Risk Learner
MHxPC130467799,2,1,11.0,0.0,0.0,Needs Foundation Support,At-Risk Learner
MHxPC130075038,1,1,13.6,0.0,0.0,Needs Foundation Support,At-Risk Learner
MHxPC130043184,1,1,12.54,0.0,0.0,Needs Foundation Support,At-Risk Learner
MHxPC130485717,1,1,5.96,0.0,0.0,Needs Foundation Support,At-Risk Learner
MHxPC130355603,1,1,13.03,0.0,0.0,Needs Foundation Support,At-Risk Learner
MHxPC130237016,2,2,47.7,0.5,49.8,Building Readiness,High Achiever
MHxPC130494652,1,1,4.96,0.0,0.0,Needs Foundation Support,At-Risk Learner
MHxPC130184125,2,2,19.47,0.0,0.1,Needs Foundation Support,Casual Explorer
MHxPC130310969,1,1,6.66,0.0,0.0,Needs Foundation Support,At-Risk Learner
MHxPC130218065,1,1,38.2,0.0,0.0,Needs Foundation Support,Casual Explorer
MHxPC130257215,1,1,6.66,0.0,0.0,Needs Foundation Support,At-Risk Learner
MHxPC130088911,1,1,0.0,0.0,0.0,Needs Foundation Support,At-Risk Learner
MHxPC130280051,3,2,17.41333333333333,0.0,0.0,Needs Foundation Support,Steady Progressor
MHxPC130396667,1,1,9.94,0.0,0.0,Needs Foundation Support,At-Risk Learner
MHxPC130465074,1,1,4.96,0.0,0.0,Needs Foundation Support,At-Risk Learner
MHxPC130043271,1,1,5.96,0.0,0.0,Needs Foundation Support,At-Risk Learner
MHxPC130006354,2,1,24.29,0.0,1.2,Needs Foundation Support,Casual Explorer
MHxPC130413728,3,3,4.196666666666666,0.0,0.0,Needs Foundation Support,Steady Progressor
MHxPC130069043,1,1,11.82,0.0,0.0,Needs Foundation Support,At-Risk Learner
MHxPC130589531,1,1,2.67,0.0,0.0,Needs Foundation Support,At-Risk Learner
MHxPC130469720,2,2,12.489999999999998,0.0,0.0,Needs Foundation Support,At-Risk Learner
MHxPC130007260,1,1,2.67,0.0,0.0,Needs Foundation Support,At-Risk Learner
MHxPC130395747,3,2,16.66,0.0,0.0,Needs Foundation Support,Steady Progressor
MHxPC130454261,1,1,21.8,0.0,0.0,Needs Foundation Support,Casual Explorer
MHxPC130199821,1,1,64.64,1.0,99.2,Ready for Advanced,High Achiever
MHxPC130512781,1,1,15.71,0.0,0.0,Needs Foundation Support,At-Risk Learner
MHxPC130157142,1,1,11.82,0.0,0.0,Needs Foundation Support,At-Risk Learner
MHxPC130207122,2,2,29.235,0.0,0.0,Needs Foundation Support,Casual Explorer
MHxPC130303699,1,1,4.96,0.0,0.0,Needs Foundation Support,At-Risk Learner
MHxPC130079977,2,2,18.025,0.0,0.0,Needs Foundation Support,At-Risk Learner
MHxPC130047361,1,1,3.25,0.0,0.0,Needs Foundation Support,At-Risk Learner
MHxPC130041547,1,1,4.96,0.0,0.0,Needs Foundation Support,At-Risk Learner
MHxPC130242388,1,1,21.74,0.0,0.0,Needs Foundation Support,Casual Explorer
MHxPC130413856,1,1,4.23,0.0,0.0,Needs Foundation Support,At-Risk Learner
MHxPC130274316,1,1,25.65,0.0,0.0,Needs Foundation Support,Casual Explorer
MHxPC130300966,1,1,28.32,0.0,1.6,Needs Foundation Support,Casual Explorer
MHxPC130056415,1,1,37.08,0.0,0.0,Needs Foundation Support,Casual Explorer
MHxPC130247431,1,1,13.39,0.0,0.0,Needs Foundation Support,At-Risk Learner
MHxPC130193371,1,1,0.0,0.0,0.0,Needs Foundation Support,At-Risk Learner
MHxPC130333089,1,1,16.88,0.0,0.0,Needs Foundation Support,At-Risk Learner
MHxPC130376015,1,1,2.67,0.0,0.0,Needs Foundation Support,At-Risk Learner
MHxPC130312313,1,1,27.99,0.0,0.0,Needs Foundation Support,Casual Explorer
MHxPC130082057,1,1,14.73,0.0,0.0,Needs Foundation Support,At-Risk Learner
MHxPC130474181,1,1,0.0,0.0,0.0,Needs Foundation Support,At-Risk Learner
MHxPC130386863,1,1,0.0,0.0,0.0,Needs Foundation Support,At-Risk Learner
MHxPC130434108,1,1,24.38,0.0,0.0,Needs Foundation Support,Casual Explorer
MHxPC130543613,2,1,12.16,0.0,0.0,Needs Foundation Support,At-Risk Learner
MHxPC130451249,3,3,7.053333333333334,0.0,0.0,Needs Foundation Support,Steady Progressor
MHxPC130533647,1,1,12.09,0.0,0.0,Needs Foundation Support,At-Risk Learner
MHxPC130208654,1,1,3.25,0.0,0.0,Needs Foundation Support,At-Risk Learner
MHxPC130325131,1,1,12.89,0.0,0.0,Needs Foundation Support,At-Risk Learner
MHxPC130119705,2,2,8.85,0.0,0.0,Needs Foundation Support,At-Risk Learner
MHxPC130242825,1,1,4.96,0.0,0.0,Needs Foundation Support,At-Risk Learner
MHxPC130279978,3,3,23.47,0.0,0.1,Needs Foundation Support,Steady Progressor
MHxPC130553427,1,1,4.23,0.0,0.0,Needs Foundation Support,At-Risk Learner
MHxPC130175652,1,1,0.0,0.0,0.0,Needs Foundation Support,At-Risk Learner
MHxPC130079249,1,1,5.96,0.0,0.0,Needs Foundation Support,At-Risk Learner
MHxPC130248151,1,1,4.23,0.0,0.0,Needs Foundation Support,At-Risk Learner
MHxPC130339977,2,2,18.155,0.0,0.2,Needs Foundation Support,Casual Explorer
MHxPC130159701,1,1,30.84,0.0,4.2,Needs Foundation Support,Casual Explorer
MHxPC130057575,2,2,4.605,0.0,0.0,Needs Foundation Support,At-Risk Learner
MHxPC130506380,1,1,0.0,0.0,0.0,Needs Foundation Support,At-Risk Learner
MHxPC130268496,2,2,10.195,0.0,0.0,Needs Foundation Support,At-Risk Learner
MHxPC130044379,1,1,2.67,0.0,0.0,Needs Foundation Support,At-Risk Learner
MHxPC130146985,1,1,36.35,0.0,0.3,Needs Foundation Support,Casual Explorer
MHxPC130166539,2,2,4.105,0.0,0.0,Needs Foundation Support,At-Risk Learner
MHxPC130573404,1,1,19.2,0.0,0.0,Needs Foundation Support,Casual Explorer
MHxPC130124827,4,3,31.8575,0.0,0.8,Needs Foundation Support,Steady Progressor
MHxPC130570185,1,1,33.33,0.0,0.0,Needs Foundation Support,Casual Explorer
MHxPC130327079,1,1,0.0,0.0,0.0,Needs Foundation Support,At-Risk Learner
MHxPC130544475,1,1,0.0,0.0,0.0,Needs Foundation Support,At-Risk Learner
MHxPC130094579,1,1,40.13,0.0,0.0,Needs Foundation Support,Casual Explorer
MHxPC130192150,1,1,0.0,0.0,0.0,Needs Foundation Support,At-Risk Learner
MHxPC130140671,1,1,4.96,0.0,0.0,Needs Foundation Support,At-Risk Learner
MHxPC130234530,1,1,0.0,0.0,0.0,Needs Foundation Support,At-Risk Learner
MHxPC130462602,1,1,11.04,0.0,0.0,Needs Foundation Support,At-Risk Learner
MHxPC130492686,1,1,12.25,0.0,0.0,Needs Foundation Support,At-Risk Learner
MHxPC130049309,1,1,0.0,0.0,0.0,Needs Foundation Support,At-Risk Learner
MHxPC130549130,1,1,14.15,0.0,0.0,Needs Foundation Support,At-Risk Learner
MHxPC130581456,1,1,17.96,0.0,0.0,Needs Foundation Support,At-Risk Learner
MHxPC130316615,1,1,48.67,0.0,1.8,Needs Foundation Support,Casual Explorer
MHxPC130482894,1,1,15.77,0.0,0.0,Needs Foundation Support,At-Risk Learner
MHxPC130419262,1,1,8.63,0.0,0.0,Needs Foundation Support,At-Risk Learner
MHxPC130111899,1,1,18.21,0.0,0.0,Needs Foundation Support,At-Risk Learner
MHxPC130350124,1,1,12.16,0.0,0.0,Needs Foundation Support,At-Risk Learner
MHxPC130102625,2,1,18.235,0.0,0.0,Needs Foundation Support,Casual Explorer
MHxPC130162210,1,1,4.96,0.0,0.0,Needs Foundation Support,At-Risk Learner
MHxPC130466131,1,1,2.67,0.0,0.0,Needs Foundation Support,At-Risk Learner
MHxPC130386032,1,1,2.67,0.0,0.0,Needs Foundation Support,At-Risk Learner
MHxPC130319873,1,1,5.96,0.0,0.0,Needs Foundation Support,At-Risk Learner
MHxPC130250125,1,1,9.88,0.0,0.0,Needs Foundation Support,At-Risk Learner
MHxPC130188721,2,2,4.555,0.0,0.0,Needs Foundation Support,At-Risk Learner
MHxPC130200235,1,1,4.96,0.0,0.0,Needs Foundation Support,At-Risk Learner
MHxPC130539136,2,2,4.605,0.0,0.0,Needs Foundation Support,At-Risk Learner
MHxPC130428668,1,1,4.96,0.0,0.0,Needs Foundation Support,At-Risk Learner
MHxPC130113579,1,1,5.96,0.0,0.0,Needs Foundation Support,At-Risk Learner
MHxPC130038977,1,1,13.98,0.0,0.0,Needs Foundation Support,At-Risk Learner
MHxPC130401589,1,1,26.83,0.0,0.0,Needs Foundation Support,Casual Explorer
MHxPC130507616,1,1,4.23,0.0,0.0,Needs Foundation Support,At-Risk Learner
MHxPC130122311,1,1,0.0,0.0,0.0,Needs Foundation Support,At-Risk Learner
MHxPC130033834,1,1,10.82,0.0,0.0,Needs Foundation Support,At-Risk Learner
MHxPC130488981,1,1,14.8,0.0,0.0,Needs Foundation Support,At-Risk Learner
MHxPC130554678,3,2,4.723333333333334,0.0,0.0,Needs Foundation Support,Steady Progressor
MHxPC130412361,1,1,2.67,0.0,0.0,Needs Foundation Support,At-Risk Learner
MHxPC130129590,1,1,21.17,0.0,0.0,Needs Foundation Support,Casual Explorer
MHxPC130434277,1,1,4.23,0.0,0.0,Needs Foundation Support,At-Risk Learner
MHxPC130369039,1,1,7.86,0.0,0.0,Needs Foundation Support,At-Risk Learner
MHxPC130131669,1,1,50.16,1.0,99.9,Ready for Advanced,High Achiever
MHxPC130080673,1,1,27.9,0.0,0.1,Needs Foundation Support,Casual Explorer
MHxPC130528350,2,2,17.97,0.0,0.0,Needs Foundation Support,At-Risk Learner
MHxPC130304669,1,1,5.34,0.0,0.0,Needs Foundation Support,At-Risk Learner
MHxPC130556346,1,1,44.97,0.0,92.3,Ready for Advanced,Casual Explorer
MHxPC130074581,1,1,5.96,0.0,0.0,Needs Foundation Support,At-Risk Learner
MHxPC130311850,1,1,36.93,0.0,0.0,Needs Foundation Support,Casual Explorer
MHxPC130260423,3,2,0.0,0.0,0.0,Needs Foundation Support,Steady Progressor
MHxPC130525084,1,1,13.23,0.0,0.0,Needs Foundation Support,At-Risk Learner
MHxPC130107938,1,1,37.59,0.0,0.0,Needs Foundation Support,Casual Explorer
MHxPC130133259,2,2,4.96,0.0,0.0,Needs Foundation Support,At-Risk Learner
MHxPC130397256,1,1,2.67,0.0,0.0,Needs Foundation Support,At-Risk Learner
MHxPC130512380,1,1,0.0,0.0,0.0,Needs Foundation Support,At-Risk Learner
MHxPC130188818,1,1,10.71,0.0,0.0,Needs Foundation Support,At-Risk Learner
MHxPC130148324,1,1,5.96,0.0,0.0,Needs Foundation Support,At-Risk Learner
MHxPC130551635,2,2,45.730000000000004,0.0,3.8,Needs Foundation Support,Casual Explorer
MHxPC130132624,1,1,0.0,0.0,0.0,Needs Foundation Support,At-Risk Learner
MHxPC130177414,1,1,4.96,0.0,0.0,Needs Foundation Support,At-Risk Learner
MHxPC130269189,4,4,24.6475,0.0,1.2,Needs Foundation Support,Steady Progressor
MHxPC130076387,1,1,13.73,0.0,0.0,Needs Foundation Support,At-Risk Learner
MHxPC130538662,1,1,8.37,0.0,0.0,Needs Foundation Support,At-Risk Learner
MHxPC130375099,1,1,4.96,0.0,0.0,Needs Foundation Support,At-Risk Learner
MHxPC130434055,3,2,13.11,0.0,0.0,Needs Foundation Support,Steady Progressor
MHxPC130222203,1,1,20.04,0.0,0.0,Needs Foundation Support,Casual Explorer
MHxPC130103356,1,1,51.18,0.0,0.2,Needs Foundation Support,Casual Explorer
MHxPC130021621,1,1,4.96,0.0,0.0,Needs Foundation Support,At-Risk Learner
MHxPC130131782,3,3,13.06,0.0,0.0,Needs Foundation Support,Steady Progressor
MHxPC130350906,1,1,16.45,0.0,0.2,Needs Foundation Support,At-Risk Learner
MHxPC130006266,1,1,3.25,0.0,0.0,Needs Foundation Support,At-Risk Learner
MHxPC130183157,2,2,25.345,0.0,0.2,Needs Foundation Support,Casual Explorer
MHxPC130372810,1,1,0.0,0.0,0.0,Needs Foundation Support,At-Risk Learner
MHxPC130144795,1,1,46.89,0.0,0.0,Needs Foundation Support,Casual Explorer
MHxPC130314838,5,4,30.327999999999996,0.0,0.1,Needs Foundation Support,Steady Progressor
MHxPC130434893,1,1,8.57,0.0,0.0,Needs Foundation Support,At-Risk Learner
MHxPC130331250,1,1,17.99,0.0,0.0,Needs Foundation Support,At-Risk Learner
MHxPC130530809,3,3,8.07,0.0,0.0,Needs Foundation Support,Steady Progressor
MHxPC130559883,1,1,8.57,0.0,0.0,Needs Foundation Support,At-Risk Learner
MHxPC130315786,1,1,2.67,0.0,0.0,Needs Foundation Support,At-Risk Learner
MHxPC130480894,1,1,3.25,0.0,0.0,Needs Foundation Support,At-Risk Learner
MHxPC130197296,2,1,22.965,0.0,0.0,Needs Foundation Support,Casual Explorer
MHxPC130422678,1,1,7.21,0.0,0.0,Needs Foundation Support,At-Risk Learner
MHxPC130188771,2,1,2.98,0.0,0.0,Needs Foundation Support,At-Risk Learner
MHxPC130462620,1,1,4.96,0.0,0.0,Needs Foundation Support,At-Risk Learner
MHxPC130548972,1,1,0.0,0.0,0.0,Needs Foundation Support,At-Risk Learner
MHxPC130011247,1,1,0.0,0.0,0.0,Needs Foundation Support,At-Risk Learner
MHxPC130275765,1,1,41.06,0.0,0.0,Needs Foundation Support,Casual Explorer
MHxPC130367563,1,1,5.34,0.0,0.0,Needs Foundation Support,At-Risk Learner
MHxPC130404136,2,2,6.41,0.0,0.0,Needs Foundation Support,At-Risk Learner
MHxPC130197859,2,1,29.814999999999998,0.0,0.0,Needs Foundation Support,Casual Explorer
MHxPC130148833,1,1,5.96,0.0,0.0,Needs Foundation Support,At-Risk Learner
MHxPC130086264,4,3,24.6825,0.25,25.2,Needs Foundation Support,Steady Progressor
MHxPC130356367,1,1,0.0,0.0,0.0,Needs Foundation Support,At-Risk Learner
MHxPC130138134,1,1,7.21,0.0,0.0,Needs Foundation Support,At-Risk Learner
MHxPC130036118,1,1,35.38,0.0,0.2,Needs Foundation Support,Casual Explorer
MHxPC130570325,1,1,0.0,0.0,0.0,Needs Foundation Support,At-Risk Learner
MHxPC130424603,1,1,7.21,0.0,0.0,Needs Foundation Support,At-Risk Learner
MHxPC130379809,1,1,4.96,0.0,0.0,Needs Foundation Support,At-Risk Learner
MHxPC130574821,1,1,4.23,0.0,0.0,Needs Foundation Support,At-Risk Learner
MHxPC130175625,1,1,24.51,0.0,0.0,Needs Foundation Support,Casual Explorer
MHxPC130316414,1,1,9.94,0.0,0.0,Needs Foundation Support,At-Risk Learner
MHxPC130231719,2,2,27.98,0.0,1.6,Needs Foundation Support,Casual Explorer
MHxPC130580325,1,1,0.0,0.0,0.0,Needs Foundation Support,At-Risk Learner
MHxPC130409039,2,2,6.3100000000000005,0.0,0.0,Needs Foundation Support,At-Risk Learner
MHxPC130382547,1,1,13.97,0.0,0.0,Needs Foundation Support,At-Risk Learner
MHxPC130271877,1,1,0.0,0.0,0.0,Needs Foundation Support,At-Risk Learner
MHxPC130290925,2,1,6.98,0.0,0.0,Needs Foundation Support,At-Risk Learner
MHxPC130567499,1,1,0.0,0.0,0.0,Needs Foundation Support,At-Risk Learner
MHxPC130088974,3,2,0.0,0.0,0.0,Needs Foundation Support,Steady Progressor
MHxPC130479367,1,1,2.67,0.0,0.0,Needs Foundation Support,At-Risk Learner
MHxPC130534293,1,1,4.96,0.0,0.0,Needs Foundation Support,At-Risk Learner
MHxPC130183095,1,1,47.62,0.0,1.8,Needs Foundation Support,Casual Explorer
MHxPC130251435,1,1,2.67,0.0,0.0,Needs Foundation Support,At-Risk Learner
MHxPC130190642,1,1,26.0,0.0,0.3,Needs Foundation Support,Casual Explorer
MHxPC130425896,1,1,13.94,0.0,0.0,Needs Foundation Support,At-Risk Learner
MHxPC130115056,3,3,5.423333333333333,0.0,0.0,Needs Foundation Support,Steady Progressor
MHxPC130429623,1,1,41.52,0.0,1.4,Needs Foundation Support,Casual Explorer
MHxPC130248065,2,1,2.48,0.0,0.0,Needs Foundation Support,At-Risk Learner
MHxPC130058724,1,1,2.67,0.0,0.0,Needs Foundation Support,At-Risk Learner
MHxPC130240906,1,1,18.51,0.0,0.0,Needs Foundation Support,Casual Explorer
MHxPC130574439,1,1,16.19,0.0,0.0,Needs Foundation Support,At-Risk Learner
MHxPC130455956,1,1,4.96,0.0,0.0,Needs Foundation Support,At-Risk Learner
MHxPC130041568,2,2,2.67,0.0,0.0,Needs Foundation Support,At-Risk Learner
MHxPC130331334,1,1,43.8,1.0,99.9,Ready for Advanced,High Achiever
MHxPC130153038,1,1,2.67,0.0,0.0,Needs Foundation Support,At-Risk Learner
MHxPC130127795,1,1,21.87,0.0,0.0,Needs Foundation Support,Casual Explorer
MHxPC130279952,1,1,23.95,0.0,0.0,Needs Foundation Support,Casual Explorer
MHxPC130282427,1,1,5.96,0.0,0.0,Needs Foundation Support,At-Risk Learner
MHxPC130392113,1,1,5.96,0.0,0.0,Needs Foundation Support,At-Risk Learner
MHxPC130334105,1,1,10.71,0.0,0.0,Needs Foundation Support,At-Risk Learner
MHxPC130045875,1,1,7.86,0.0,0.0,Needs Foundation Support,At-Risk Learner
MHxPC130151877,1,1,0.0,0.0,0.0,Needs Foundation Support,At-Risk Learner
MHxPC130016950,2,2,7.615,0.0,0.0,Needs Foundation Support,At-Risk Learner
MHxPC130596268,1,1,5.96,0.0,0.0,Needs Foundation Support,At-Risk Learner
MHxPC130328721,1,1,4.96,0.0,0.0,Needs Foundation Support,At-Risk Learner
MHxPC130293074,2,1,16.955,0.0,0.1,Needs Foundation Support,At-Risk Learner
MHxPC130114674,2,1,4.3149999999999995,0.0,0.0,Needs Foundation Support,At-Risk Learner
MHxPC130313740,1,1,19.38,0.0,0.0,Needs Foundation Support,Casual Explorer
MHxPC130348229,1,1,0.0,0.0,0.0,Needs Foundation Support,At-Risk Learner
MHxPC130515775,1,1,31.59,0.0,0.5,Needs Foundation Support,Casual Explorer
MHxPC130253095,1,1,15.84,0.0,0.0,Needs Foundation Support,At-Risk Learner
MHxPC130439551,2,1,14.315,0.0,0.0,Needs Foundation Support,At-Risk Learner
MHxPC130325723,3,2,19.87333333333333,0.0,0.0,Needs Foundation Support,Steady Progressor
MHxPC130172738,2,2,8.12,0.0,0.0,Needs Foundation Support,At-Risk Learner
MHxPC130098006,1,1,12.12,0.0,0.0,Needs Foundation Support,At-Risk Learner
MHxPC130353610,1,1,53.8,0.0,0.5,Needs Foundation Support,Casual Explorer
MHxPC130120083,1,1,2.67,0.0,0.0,Needs Foundation Support,At-Risk Learner
MHxPC130490206,1,1,9.88,0.0,0.0,Needs Foundation Support,At-Risk Learner
MHxPC130288720,1,1,63.24,1.0,99.8,Ready for Advanced,High Achiever
MHxPC130021467,1,1,4.96,0.0,0.0,Needs Foundation Support,At-Risk Learner
MHxPC130420300,1,1,0.0,0.0,0.0,Needs Foundation Support,At-Risk Learner
MHxPC130548017,2,2,24.71,0.0,2.0,Needs Foundation Support,Steady Progressor
MHxPC130033629,1,1,42.77,0.0,4.2,Needs Foundation Support,Casual Explorer
MHxPC130440245,2,2,24.03,0.0,36.2,Needs Foundation Support,Casual Explorer
MHxPC130294545,2,2,32.9,0.0,0.2,Needs Foundation Support,Casual Explorer
MHxPC130139558,1,1,17.08,0.0,0.0,Needs Foundation Support,At-Risk Learner
MHxPC130319431,3,2,3.8200000000000003,0.0,0.0,Needs Foundation Support,Steady Progressor
MHxPC130062260,1,1,11.04,0.0,0.0,Needs Foundation Support,At-Risk Learner
MHxPC130573015,1,1,4.23,0.0,0.0,Needs Foundation Support,At-Risk Learner
MHxPC130181684,3,2,21.069999999999997,0.0,0.0,Needs Foundation Support,Steady Progressor
MHxPC130130026,1,1,0.0,0.0,0.0,Needs Foundation Support,At-Risk Learner
MHxPC130452335,1,1,2.67,0.0,0.0,Needs Foundation Support,At-Risk Learner
MHxPC130291021,1,1,64.47,1.0,100.0,Ready for Advanced,High Achiever
MHxPC130464209,1,1,41.94,0.0,1.2,Needs Foundation Support,Casual Explorer
MHxPC130502307,1,1,6.66,0.0,0.0,Needs Foundation Support,At-Risk Learner
MHxPC130118781,1,1,4.96,0.0,0.0,Needs Foundation Support,At-Risk Learner
MHxPC130312155,3,2,12.306666666666667,0.0,0.0,Needs Foundation Support,Steady Progressor
MHxPC130579966,2,2,24.21,0.0,0.0,Needs Foundation Support,Casual Explorer
MHxPC130042082,1,1,0.0,0.0,0.0,Needs Foundation Support,At-Risk Learner
MHxPC130107319,1,1,15.5,0.0,0.0,Needs Foundation Support,At-Risk Learner
MHxPC130584785,1,1,0.0,0.0,0.0,Needs Foundation Support,At-Risk Learner
MHxPC130419305,1,1,2.67,0.0,0.0,Needs Foundation Support,At-Risk Learner
MHxPC130263422,3,3,27.046666666666663,0.0,0.9,Needs Foundation Support,Steady Progressor
MHxPC130388527,1,1,0.0,0.0,0.0,Needs Foundation Support,At-Risk Learner
MHxPC130446291,2,2,1.335,0.0,0.0,Needs Foundation Support,At-Risk Learner
MHxPC130055326,1,1,0.0,0.0,0.0,Needs Foundation Support,At-Risk Learner
MHxPC130055655,4,3,12.104999999999999,0.0,0.0,Needs Foundation Support,Steady Progressor
MHxPC130456794,2,2,7.35,0.0,0.0,Needs Foundation Support,At-Risk Learner
MHxPC130395565,1,1,0.0,0.0,0.0,Needs Foundation Support,At-Risk Learner
MHxPC130246216,1,1,46.75,0.0,0.0,Needs Foundation Support,Casual Explorer
MHxPC130424743,1,1,5.34,0.0,0.0,Needs Foundation Support,At-Risk Learner
MHxPC130097469,2,2,4.605,0.0,0.0,Needs Foundation Support,At-Risk Learner
MHxPC130193958,1,1,14.86,0.0,0.0,Needs Foundation Support,At-Risk Learner
MHxPC130020092,1,1,4.23,0.0,0.0,Needs Foundation Support,At-Risk Learner
MHxPC130196402,1,1,0.0,0.0,0.0,Needs Foundation Support,At-Risk Learner
MHxPC130052174,1,1,35.57,0.0,0.0,Needs Foundation Support,Casual Explorer
MHxPC130251156,1,1,22.55,0.0,0.0,Needs Foundation Support,Casual Explorer
MHxPC130491456,3,3,8.78,0.0,0.0,Needs Foundation Support,Steady Progressor
MHxPC130585117,2,1,7.45,0.0,0.0,Needs Foundation Support,At-Risk Learner
MHxPC130052995,2,2,24.71,0.0,1.9,Needs Foundation Support,Casual Explorer
MHxPC130073184,1,1,18.51,0.0,0.0,Needs Foundation Support,At-Risk Learner
MHxPC130230782,1,1,42.07,1.0,99.8,Ready for Advanced,High Achiever
MHxPC130354876,1,1,13.6,0.0,0.0,Needs Foundation Support,At-Risk Learner
MHxPC130284523,1,1,0.0,0.0,0.0,Needs Foundation Support,At-Risk Learner
MHxPC130146136,2,2,41.41,0.0,3.1,Needs Foundation Support,Casual Explorer
MHxPC130562345,1,1,18.72,0.0,0.0,Needs Foundation Support,At-Risk Learner
MHxPC130417028,1,1,11.27,0.0,0.4,Needs Foundation Support,At-Risk Learner
MHxPC130530962,2,1,13.97,0.0,0.0,Needs Foundation Support,At-Risk Learner
MHxPC130003308,1,1,8.92,0.0,0.0,Needs Foundation Support,At-Risk Learner
MHxPC130289002,6,5,24.991666666666664,0.0,0.5,Needs Foundation Support,Steady Progressor
MHxPC130121121,1,1,0.0,0.0,0.0,Needs Foundation Support,At-Risk Learner
MHxPC130193454,1,1,15.27,0.0,0.2,Needs Foundation Support,At-Risk Learner
MHxPC130377589,2,2,27.43,0.5,50.0,Building Readiness,High Achiever
MHxPC130482143,1,1,0.0,0.0,0.0,Needs Foundation Support,At-Risk Learner
MHxPC130235960,1,1,12.95,0.0,0.0,Needs Foundation Support,At-Risk Learner
MHxPC130119502,1,1,7.63,0.0,0.0,Needs Foundation Support,At-Risk Learner
MHxPC130163111,1,1,23.91,0.0,0.0,Needs Foundation Support,Casual Explorer
MHxPC130016509,1,1,26.01,0.0,0.0,Needs Foundation Support,Casual Explorer
MHxPC130169940,1,1,2.67,0.0,0.0,Needs Foundation Support,At-Risk Learner
MHxPC130140054,1,1,4.96,0.0,0.0,Needs Foundation Support,At-Risk Learner
MHxPC130074911,1,1,0.0,0.0,0.0,Needs Foundation Support,At-Risk Learner
MHxPC130283607,1,1,10.27,0.0,0.0,Needs Foundation Support,At-Risk Learner
MHxPC130292956,1,1,22.73,0.0,0.0,Needs Foundation Support,Casual Explorer
MHxPC130396700,2,2,13.120000000000001,0.0,0.0,Needs Foundation Support,At-Risk Learner
MHxPC130004590,1,1,4.96,0.0,0.0,Needs Foundation Support,At-Risk Learner
MHxPC130041690,1,1,8.66,0.0,0.0,Needs Foundation Support,At-Risk Learner
MHxPC130384713,1,1,4.96,0.0,0.0,Needs Foundation Support,At-Risk Learner
MHxPC130181125,2,2,32.254999999999995,0.5,49.9,Building Readiness,High Achiever
MHxPC130260707,1,1,23.16,0.0,0.0,Needs Foundation Support,Casual Explorer
MHxPC130172597,2,1,0.0,0.0,0.0,Needs Foundation Support,At-Risk Learner
MHxPC130097855,1,1,14.29,0.0,0.0,Needs Foundation Support,At-Risk Learner
MHxPC130559313,3,3,6.163333333333334,0.0,0.0,Needs Foundation Support,Steady Progressor
MHxPC130024997,1,1,17.11,0.0,0.0,Needs Foundation Support,At-Risk Learner
MHxPC130303068,1,1,4.96,0.0,0.0,Needs Foundation Support,At-Risk Learner
MHxPC130203640,1,1,45.25,0.0,0.3,Needs Foundation Support,Casual Explorer
MHxPC130006434,1,1,2.67,0.0,0.0,Needs Foundation Support,At-Risk Learner
MHxPC130299427,1,1,4.96,0.0,0.0,Needs Foundation Support,At-Risk Learner
MHxPC130390653,1,1,4.96,0.0,0.0,Needs Foundation Support,At-Risk Learner
MHxPC130452819,1,1,13.8,0.0,0.0,Needs Foundation Support,At-Risk Learner
MHxPC130557436,1,1,33.78,0.0,0.2,Needs Foundation Support,Casual Explorer
MHxPC130438449,1,1,9.33,0.0,0.0,Needs Foundation Support,At-Risk Learner
MHxPC130563684,1,1,4.96,0.0,0.0,Needs Foundation Support,At-Risk Learner
MHxPC130281385,1,1,0.0,0.0,0.0,Needs Foundation Support,At-Risk Learner
MHxPC130319099,1,1,42.02,0.0,0.0,Needs Foundation Support,Casual Explorer
MHxPC130243310,1,1,4.96,0.0,0.0,Needs Foundation Support,At-Risk Learner
MHxPC130048766,2,2,67.75999999999999,1.0,99.9,Ready for Advanced,High Achiever
MHxPC130413701,1,1,7.86,0.0,0.0,Needs Foundation Support,At-Risk Learner
MHxPC130014715,1,1,54.57,0.0,3.3,Needs Foundation Support,Casual Explorer
MHxPC130007353,1,1,29.52,0.0,0.0,Needs Foundation Support,Casual Explorer
MHxPC130322298,1,1,12.6,0.0,0.0,Needs Foundation Support,At-Risk Learner
MHxPC130178007,1,1,10.07,0.0,0.0,Needs Foundation Support,At-Risk Learner
MHxPC130384337,2,2,17.955,0.0,0.0,Needs Foundation Support,Casual Explorer
MHxPC130188928,1,1,5.92,0.0,0.0,Needs Foundation Support,At-Risk Learner
MHxPC130588923,1,1,4.96,0.0,0.0,Needs Foundation Support,At-Risk Learner
MHxPC130278184,2,2,20.2,0.0,0.0,Needs Foundation Support,Casual Explorer
MHxPC130201153,2,1,18.39,0.0,0.0,Needs Foundation Support,Casual Explorer
MHxPC130352222,2,2,24.925,0.0,0.0,Needs Foundation Support,Casual Explorer
MHxPC130094894,1,1,31.86,0.0,0.0,Needs Foundation Support,Casual Explorer
MHxPC130459437,1,1,0.0,0.0,0.0,Needs Foundation Support,At-Risk Learner
MHxPC130023156,2,1,6.975,0.0,0.0,Needs Foundation Support,At-Risk Learner
MHxPC130568702,1,1,0.0,0.0,0.0,Needs Foundation Support,At-Risk Learner
MHxPC130200632,3,3,15.726666666666667,0.0,0.0,Needs Foundation Support,Steady Progressor
MHxPC130558895,1,1,19.11,0.0,0.0,Needs Foundation Support,Casual Explorer
MHxPC130137442,1,1,23.98,0.0,0.0,Needs Foundation Support,Casual Explorer
MHxPC130084123,1,1,0.0,0.0,0.0,Needs Foundation Support,At-Risk Learner
MHxPC130531199,1,1,0.0,0.0,0.0,Needs Foundation Support,At-Risk Learner
MHxPC130150622,2,1,2.48,0.0,0.0,Needs Foundation Support,At-Risk Learner
MHxPC130100550,1,1,0.0,0.0,0.0,Needs Foundation Support,At-Risk Learner
MHxPC130278802,1,1,33.64,0.0,0.0,Needs Foundation Support,Casual Explorer
MHxPC130065297,1,1,2.67,0.0,0.0,Needs Foundation Support,At-Risk Learner
MHxPC130080805,3,2,11.336666666666668,0.0,0.0,Needs Foundation Support,Steady Progressor
MHxPC130292418,1,1,6.2,0.0,0.0,Needs Foundation Support,At-Risk Learner
MHxPC130221283,1,1,0.0,0.0,0.0,Needs Foundation Support,At-Risk Learner
MHxPC130574805,2,2,0.0,0.0,0.0,Needs Foundation Support,At-Risk Learner
MHxPC130420867,1,1,2.67,0.0,0.0,Needs Foundation Support,At-Risk Learner
MHxPC130277096,2,1,9.885,0.0,0.0,Needs Foundation Support,At-Risk Learner
MHxPC130593583,1,1,12.94,0.0,0.0,Needs Foundation Support,At-Risk Learner
MHxPC130489726,1,1,29.95,0.0,0.8,Needs Foundation Support,Casual Explorer
MHxPC130397836,3,2,14.036666666666667,0.0,0.0,Needs Foundation Support,Steady Progressor
MHxPC130259332,1,1,15.6,0.0,0.0,Needs Foundation Support,At-Risk Learner
MHxPC130597184,1,1,23.1,0.0,0.0,Needs Foundation Support,Casual Explorer
MHxPC130265654,2,2,5.96,0.0,0.0,Needs Foundation Support,At-Risk Learner
MHxPC130482454,1,1,18.41,0.0,0.0,Needs Foundation Support,At-Risk Learner
MHxPC130316706,2,2,12.18,0.0,0.0,Needs Foundation Support,At-Risk Learner
MHxPC130482755,1,1,4.96,0.0,0.0,Needs Foundation Support,At-Risk Learner
MHxPC130262653,1,1,0.0,0.0,0.0,Needs Foundation Support,At-Risk Learner
MHxPC130272038,1,1,39.7,0.0,0.0,Needs Foundation Support,Casual Explorer
MHxPC130406433,1,1,25.86,0.0,0.1,Needs Foundation Support,Casual Explorer
MHxPC130007304,1,1,7.86,0.0,0.0,Needs Foundation Support,At-Risk Learner
MHxPC130237235,1,1,10.71,0.0,0.0,Needs Foundation Support,At-Risk Learner
MHxPC130576864,2,1,7.295,0.0,0.0,Needs Foundation Support,At-Risk Learner
MHxPC130556457,1,1,20.2,0.0,0.1,Needs Foundation Support,Casual Explorer
MHxPC130143126,1,1,11.04,0.0,0.0,Needs Foundation Support,At-Risk Learner
MHxPC130199787,1,1,12.42,0.0,0.0,Needs Foundation Support,At-Risk Learner
MHxPC130566465,3,2,19.973333333333333,0.0,0.2,Needs Foundation Support,Steady Progressor
MHxPC130133798,1,1,20.7,0.0,0.0,Needs Foundation Support,Casual Explorer
MHxPC130510696,1,1,52.73,0.0,99.4,Ready for Advanced,High Achiever
MHxPC130536664,1,1,12.89,0.0,0.0,Needs Foundation Support,At-Risk Learner
MHxPC130456627,1,1,22.13,0.0,0.0,Needs Foundation Support,Casual Explorer
MHxPC130410397,2,2,12.395,0.0,0.0,Needs Foundation Support,At-Risk Learner
MHxPC130362640,2,2,2.96,0.0,0.0,Needs Foundation Support,At-Risk Learner
MHxPC130123964,1,1,23.77,0.0,0.0,Needs Foundation Support,Casual Explorer
MHxPC130568768,1,1,2.67,0.0,0.0,Needs Foundation Support,At-Risk Learner
MHxPC130292937,1,1,42.21,1.0,99.7,Ready for Advanced,High Achiever
MHxPC130499793,1,1,2.67,0.0,0.0,Needs Foundation Support,At-Risk Learner
MHxPC130004406,1,1,4.96,0.0,0.0,Needs Foundation Support,At-Risk Learner
MHxPC130472332,1,1,22.4,0.0,0.0,Needs Foundation Support,Casual Explorer
MHxPC130426364,1,1,5.96,0.0,0.0,Needs Foundation Support,At-Risk Learner
MHxPC130433767,1,1,4.96,0.0,0.0,Needs Foundation Support,At-Risk Learner
MHxPC130514968,1,1,5.96,0.0,0.0,Needs Foundation Support,At-Risk Learner
MHxPC130513482,1,1,0.0,0.0,0.0,Needs Foundation Support,At-Risk Learner
MHxPC130024040,5,4,6.368,0.0,0.0,Needs Foundation Support,Steady Progressor
MHxPC130284744,1,1,10.5,0.0,0.0,Needs Foundation Support,At-Risk Learner
MHxPC130574260,2,1,34.47,0.0,0.8,Needs Foundation Support,Casual Explorer
MHxPC130108668,1,1,27.18,0.0,1.5,Needs Foundation Support,Casual Explorer
MHxPC130061005,1,1,59.08,1.0,99.7,Ready for Advanced,High Achiever
MHxPC130490448,4,3,15.17,0.0,0.1,Needs Foundation Support,Steady Progressor
MHxPC130051457,1,1,29.58,0.0,0.1,Needs Foundation Support,Casual Explorer
MHxPC130233252,1,1,4.96,0.0,0.0,Needs Foundation Support,At-Risk Learner
MHxPC130014412,1,1,4.96,0.0,0.0,Needs Foundation Support,At-Risk Learner
MHxPC130468902,1,1,12.89,0.0,0.0,Needs Foundation Support,At-Risk Learner
MHxPC130383471,1,1,28.08,0.0,0.0,Needs Foundation Support,Casual Explorer
MHxPC130466388,1,1,25.87,0.0,0.0,Needs Foundation Support,Casual Explorer
MHxPC130077818,2,2,14.875,0.0,0.0,Needs Foundation Support,At-Risk Learner
MHxPC130029585,1,1,15.5,0.0,0.0,Needs Foundation Support,At-Risk Learner
MHxPC130392542,1,1,2.67,0.0,0.0,Needs Foundation Support,At-Risk Learner
MHxPC130241780,1,1,0.0,0.0,0.0,Needs Foundation Support,At-Risk Learner
MHxPC130184971,2,2,40.515,0.5,50.2,Building Readiness,High Achiever
MHxPC130217918,1,1,19.92,0.0,0.0,Needs Foundation Support,Casual Explorer
MHxPC130012772,1,1,36.93,0.0,0.1,Needs Foundation Support,Casual Explorer
MHxPC130083157,2,2,29.324999999999996,0.0,0.2,Needs Foundation Support,Casual Explorer
MHxPC130024261,2,2,7.845,0.0,0.0,Needs Foundation Support,At-Risk Learner
MHxPC130440919,2,1,10.585,0.0,0.0,Needs Foundation Support,At-Risk Learner
MHxPC130075471,2,1,2.98,0.0,0.0,Needs Foundation Support,At-Risk Learner
MHxPC130296790,3,3,9.036666666666667,0.0,0.0,Needs Foundation Support,Steady Progressor
MHxPC130191658,2,2,7.36,0.0,0.0,Needs Foundation Support,At-Risk Learner
MHxPC130095382,1,1,2.67,0.0,0.0,Needs Foundation Support,At-Risk Learner
MHxPC130335117,1,1,2.67,0.0,0.0,Needs Foundation Support,At-Risk Learner
MHxPC130077942,2,1,6.115,0.0,0.0,Needs Foundation Support,At-Risk Learner
MHxPC130237806,1,1,10.74,0.0,0.0,Needs Foundation Support,At-Risk Learner
MHxPC130109612,1,1,0.0,0.0,0.0,Needs Foundation Support,At-Risk Learner
MHxPC130346018,1,1,0.0,0.0,0.0,Needs Foundation Support,At-Risk Learner
MHxPC130108457,1,1,40.74,0.0,0.0,Needs Foundation Support,Casual Explorer
MHxPC130079597,1,1,7.66,0.0,0.0,Needs Foundation Support,At-Risk Learner
MHxPC130140696,3,2,9.283333333333333,0.0,0.0,Needs Foundation Support,Steady Progressor
MHxPC130299540,1,1,2.67,0.0,0.0,Needs Foundation Support,At-Risk Learner
MHxPC130001251,1,1,0.0,0.0,0.0,Needs Foundation Support,At-Risk Learner
MHxPC130543354,1,1,22.08,0.0,0.0,Needs Foundation Support,Casual Explorer
MHxPC130293560,3,2,2.736666666666667,0.0,0.0,Needs Foundation Support,Steady Progressor
MHxPC130432348,1,1,21.98,0.0,0.0,Needs Foundation Support,Casual Explorer
MHxPC130154752,2,2,23.27,0.0,0.0,Needs Foundation Support,Casual Explorer
MHxPC130419033,1,1,27.93,0.0,4.6,Needs Foundation Support,Casual Explorer
MHxPC130248073,1,1,25.25,0.0,0.0,Needs Foundation Support,Casual Explorer
MHxPC130036362,1,1,0.0,0.0,0.0,Needs Foundation Support,At-Risk Learner
MHxPC130357612,2,2,4.955,0.0,0.0,Needs Foundation Support,At-Risk Learner
MHxPC130466298,1,1,9.88,0.0,0.0,Needs Foundation Support,At-Risk Learner
MHxPC130465407,1,1,23.78,0.0,0.0,Needs Foundation Support,Casual Explorer
MHxPC130580436,1,1,12.23,0.0,0.0,Needs Foundation Support,At-Risk Learner
MHxPC130135013,1,1,5.96,0.0,0.0,Needs Foundation Support,At-Risk Learner
MHxPC130556658,1,1,0.0,0.0,0.0,Needs Foundation Support,At-Risk Learner
MHxPC130536977,2,2,34.51,0.0,0.9,Needs Foundation Support,Casual Explorer
MHxPC130238309,2,1,8.275,0.0,0.0,Needs Foundation Support,At-Risk Learner
MHxPC130528329,1,1,47.53,0.0,2.3,Needs Foundation Support,Casual Explorer
MHxPC130057741,1,1,0.0,0.0,0.0,Needs Foundation Support,At-Risk Learner
MHxPC130565420,1,1,20.4,0.0,0.0,Needs Foundation Support,Casual Explorer
MHxPC130501263,3,3,33.36,0.0,32.9,Needs Foundation Support,Steady Progressor
MHxPC130572331,2,2,32.96,0.0,3.4,Needs Foundation Support,Casual Explorer
MHxPC130482629,3,2,3.973333333333333,0.0,0.0,Needs Foundation Support,Steady Progressor
MHxPC130461136,1,1,5.96,0.0,0.0,Needs Foundation Support,At-Risk Learner
MHxPC130454543,1,1,6.66,0.0,0.0,Needs Foundation Support,At-Risk Learner
MHxPC130348805,4,4,33.9725,0.0,1.8,Needs Foundation Support,Steady Progressor
MHxPC130428392,5,3,8.45,0.0,0.0,Needs Foundation Support,Steady Progressor
MHxPC130595507,1,1,15.2,0.0,0.0,Needs Foundation Support,At-Risk Learner
MHxPC130452509,2,1,2.48,0.0,0.0,Needs Foundation Support,At-Risk Learner
MHxPC130394936,1,1,0.0,0.0,0.0,Needs Foundation Support,At-Risk Learner
MHxPC130291999,1,1,28.22,0.0,0.0,Needs Foundation Support,Casual Explorer
MHxPC130396124,1,1,4.96,0.0,0.0,Needs Foundation Support,At-Risk Learner
MHxPC130249341,1,1,2.67,0.0,0.0,Needs Foundation Support,At-Risk Learner
MHxPC130519703,3,2,14.713333333333333,0.0,0.6,Needs Foundation Support,Steady Progressor
MHxPC130065493,3,3,36.99333333333333,0.333,35.1,Needs Foundation Support,Steady Progressor
MHxPC130482235,1,1,12.6,0.0,0.0,Needs Foundation Support,At-Risk Learner
MHxPC130184678,1,1,61.13,1.0,99.3,Ready for Advanced,High Achiever
MHxPC130335692,1,1,4.96,0.0,0.0,Needs Foundation Support,At-Risk Learner
MHxPC130137251,1,1,38.87,1.0,99.4,Ready for Advanced,High Achiever
MHxPC130495114,1,1,25.88,0.0,0.0,Needs Foundation Support,Casual Explorer
MHxPC130240979,3,3,14.983333333333334,0.0,0.0,Needs Foundation Support,Steady Progressor
MHxPC130588235,1,1,4.23,0.0,0.0,Needs Foundation Support,At-Risk Learner
MHxPC130224917,1,1,14.6,0.0,0.0,Needs Foundation Support,At-Risk Learner
MHxPC130173513,2,2,27.91,0.0,0.1,Needs Foundation Support,Casual Explorer
MHxPC130574949,1,1,31.9,0.0,0.0,Needs Foundation Support,Casual Explorer
MHxPC130534212,1,1,42.93,1.0,99.9,Ready for Advanced,High Achiever
MHxPC130444753,1,1,7.66,0.0,0.0,Needs Foundation Support,At-Risk Learner
MHxPC130276248,1,1,35.38,0.0,1.4,Needs Foundation Support,Casual Explorer
MHxPC130030153,1,1,4.23,0.0,0.0,Needs Foundation Support,At-Risk Learner
MHxPC130333929,1,1,4.96,0.0,0.0,Needs Foundation Support,At-Risk Learner
MHxPC130451131,1,1,0.0,0.0,0.0,Needs Foundation Support,At-Risk Learner
MHxPC130277954,2,1,2.115,0.0,0.0,Needs Foundation Support,At-Risk Learner
MHxPC130009037,2,1,22.125,0.0,0.0,Needs Foundation Support,Casual Explorer
MHxPC130052642,1,1,42.37,0.0,1.0,Needs Foundation Support,Casual Explorer
MHxPC130241160,1,1,2.67,0.0,0.0,Needs Foundation Support,At-Risk Learner
MHxPC130328675,1,1,46.01,0.0,0.3,Needs Foundation Support,Casual Explorer
MHxPC130034105,1,1,21.36,0.0,0.0,Needs Foundation Support,Casual Explorer
MHxPC130077442,1,1,2.67,0.0,0.0,Needs Foundation Support,At-Risk Learner
MHxPC130271063,2,2,31.96,0.0,0.4,Needs Foundation Support,Casual Explorer
MHxPC130100244,1,1,56.26,0.0,6.3,Needs Foundation Support,Casual Explorer
MHxPC130548428,1,1,3.25,0.0,0.0,Needs Foundation Support,At-Risk Learner
MHxPC130570988,1,1,4.96,0.0,0.0,Needs Foundation Support,At-Risk Learner
MHxPC130596399,1,1,4.96,0.0,0.0,Needs Foundation Support,At-Risk Learner
MHxPC130072698,1,1,18.45,0.0,0.0,Needs Foundation Support,At-Risk Learner
MHxPC130201691,2,2,32.44,0.0,0.0,Needs Foundation Support,Casual Explorer
MHxPC130426994,1,1,2.67,0.0,0.0,Needs Foundation Support,At-Risk Learner
MHxPC130386388,2,1,6.79,0.0,0.0,Needs Foundation Support,At-Risk Learner
MHxPC130167497,1,1,3.25,0.0,0.0,Needs Foundation Support,At-Risk Learner
MHxPC130358369,4,4,7.0675,0.0,0.0,Needs Foundation Support,Steady Progressor
MHxPC130240751,1,1,7.86,0.0,0.0,Needs Foundation Support,At-Risk Learner
MHxPC130096872,1,1,18.56,0.0,0.0,Needs Foundation Support,At-Risk Learner
MHxPC130350345,1,1,2.67,0.0,0.0,Needs Foundation Support,At-Risk Learner
MHxPC130184108,1,1,21.57,0.0,0.0,Needs Foundation Support,Casual Explorer
MHxPC130138515,2,2,4.695,0.0,0.0,Needs Foundation Support,At-Risk Learner
MHxPC130594911,1,1,0.0,0.0,0.0,Needs Foundation Support,At-Risk Learner
MHxPC130292093,1,1,0.0,0.0,0.0,Needs Foundation Support,At-Risk Learner
MHxPC130267086,1,1,0.0,0.0,0.0,Needs Foundation Support,At-Risk Learner
MHxPC130372906,1,1,0.0,0.0,0.0,Needs Foundation Support,At-Risk Learner
MHxPC130029737,1,1,0.0,0.0,0.0,Needs Foundation Support,At-Risk Learner
MHxPC130198738,1,1,16.51,0.0,0.0,Needs Foundation Support,At-Risk Learner
MHxPC130197834,1,1,9.92,0.0,0.0,Needs Foundation Support,At-Risk Learner
MHxPC130048372,1,1,0.0,0.0,0.0,Needs Foundation Support,At-Risk Learner
MHxPC130117969,1,1,23.79,0.0,0.0,Needs Foundation Support,Casual Explorer
MHxPC130504257,2,1,11.805,0.0,0.0,Needs Foundation Support,At-Risk Learner
MHxPC130477753,1,1,27.72,0.0,0.1,Needs Foundation Support,Casual Explorer
MHxPC130159010,1,1,19.51,0.0,0.0,Needs Foundation Support,Casual Explorer
MHxPC130072275,2,1,4.665,0.0,0.0,Needs Foundation Support,At-Risk Learner
MHxPC130477067,1,1,7.21,0.0,0.0,Needs Foundation Support,At-Risk Learner
MHxPC130142851,1,1,18.34,0.0,0.0,Needs Foundation Support,At-Risk Learner
MHxPC130260759,2,2,34.07,0.5,50.0,Building Readiness,High Achiever
MHxPC130460853,1,1,21.26,0.0,0.0,Needs Foundation Support,Casual Explorer
MHxPC130167708,2,1,38.115,0.5,50.1,Building Readiness,High Achiever
MHxPC130321246,1,1,25.43,0.0,0.0,Needs Foundation Support,Casual Explorer
MHxPC130187108,1,1,39.94,0.0,0.0,Needs Foundation Support,Casual Explorer
MHxPC130006848,2,1,42.095,0.0,0.4,Needs Foundation Support,Casual Explorer
MHxPC130269113,2,1,0.0,0.0,0.0,Needs Foundation Support,At-Risk Learner
MHxPC130038280,2,2,4.605,0.0,0.0,Needs Foundation Support,At-Risk Learner
MHxPC130151915,1,1,17.27,0.0,0.0,Needs Foundation Support,At-Risk Learner
MHxPC130513077,1,1,27.63,0.0,0.0,Needs Foundation Support,Casual Explorer
MHxPC130249321,2,2,17.0,0.0,0.0,Needs Foundation Support,Casual Explorer
MHxPC130088237,1,1,7.63,0.0,0.0,Needs Foundation Support,At-Risk Learner
MHxPC130434074,1,1,30.09,0.0,1.4,Needs Foundation Support,Casual Explorer
MHxPC130232585,1,1,13.73,0.0,0.0,Needs Foundation Support,At-Risk Learner
MHxPC130174373,1,1,7.5,0.0,0.0,Needs Foundation Support,At-Risk Learner
MHxPC130017959,1,1,2.67,0.0,0.0,Needs Foundation Support,At-Risk Learner
MHxPC130560399,1,1,10.31,0.0,0.0,Needs Foundation Support,At-Risk Learner
MHxPC130492945,1,1,40.81,0.0,0.0,Needs Foundation Support,Casual Explorer
MHxPC130585269,1,1,0.0,0.0,0.0,Needs Foundation Support,At-Risk Learner
MHxPC130131487,1,1,2.67,0.0,0.0,Needs Foundation Support,At-Risk Learner
MHxPC130073402,1,1,0.0,0.0,0.0,Needs Foundation Support,At-Risk Learner
MHxPC130167274,1,1,7.86,0.0,0.0,Needs Foundation Support,At-Risk Learner
MHxPC130496277,1,1,31.7,0.0,0.0,Needs Foundation Support,Casual Explorer
MHxPC130149292,1,1,11.33,0.0,0.0,Needs Foundation Support,At-Risk Learner
MHxPC130411096,1,1,18.16,0.0,0.0,Needs Foundation Support,At-Risk Learner
MHxPC130168248,1,1,0.0,0.0,0.0,Needs Foundation Support,At-Risk Learner
MHxPC130400102,1,1,35.71,0.0,0.2,Needs Foundation Support,Casual Explorer
MHxPC130227277,1,1,4.96,0.0,0.0,Needs Foundation Support,At-Risk Learner
MHxPC130052833,1,1,11.96,0.0,0.0,Needs Foundation Support,At-Risk Learner
MHxPC130398439,1,1,22.5,0.0,0.0,Needs Foundation Support,Casual Explorer
MHxPC130204659,2,2,20.2,0.0,0.6,Needs Foundation Support,Casual Explorer
MHxPC130376407,1,1,41.62,0.0,0.0,Needs Foundation Support,Casual Explorer
MHxPC130024161,2,2,13.505,0.0,0.0,Needs Foundation Support,At-Risk Learner
MHxPC130560944,3,3,20.91,0.0,0.1,Needs Foundation Support,Steady Progressor
MHxPC130194585,2,2,27.17,0.0,1.2,Needs Foundation Support,Casual Explorer
MHxPC130353139,1,1,6.91,0.0,0.0,Needs Foundation Support,At-Risk Learner
MHxPC130427476,1,1,4.96,0.0,0.0,Needs Foundation Support,At-Risk Learner
MHxPC130418715,1,1,33.32,0.0,0.2,Needs Foundation Support,Casual Explorer
MHxPC130236540,3,2,25.189999999999998,0.0,1.0,Needs Foundation Support,Steady Progressor
MHxPC130590384,5,2,4.168,0.0,0.0,Needs Foundation Support,Steady Progressor
MHxPC130142780,1,1,8.57,0.0,0.0,Needs Foundation Support,At-Risk Learner
MHxPC130082538,1,1,24.98,0.0,0.0,Needs Foundation Support,Casual Explorer
MHxPC130053615,1,1,29.97,0.0,0.0,Needs Foundation Support,Casual Explorer
MHxPC130438073,1,1,14.73,0.0,0.0,Needs Foundation Support,At-Risk Learner
MHxPC130481237,1,1,4.96,0.0,0.0,Needs Foundation Support,At-Risk Learner
MHxPC130522777,1,1,37.95,0.0,2.3,Needs Foundation Support,Casual Explorer
MHxPC130118652,2,2,30.305,0.5,49.8,Building Readiness,High Achiever
MHxPC130430331,1,1,0.0,0.0,0.0,Needs Foundation Support,At-Risk Learner
MHxPC130173211,1,1,9.53,0.0,0.0,Needs Foundation Support,At-Risk Learner
MHxPC130589203,1,1,33.77,0.0,0.0,Needs Foundation Support,Casual Explorer
MHxPC130491672,1,1,5.96,0.0,0.0,Needs Foundation Support,At-Risk Learner
MHxPC130060922,1,1,0.0,0.0,0.0,Needs Foundation Support,At-Risk Learner
MHxPC130004111,2,1,26.65,0.0,1.2,Needs Foundation Support,Casual Explorer
MHxPC130064297,1,1,0.0,0.0,0.0,Needs Foundation Support,At-Risk Learner
MHxPC130467467,2,1,10.46,0.0,0.0,Needs Foundation Support,At-Risk Learner
MHxPC130220702,1,1,0.0,0.0,0.0,Needs Foundation Support,At-Risk Learner
MHxPC130550896,1,1,0.0,0.0,0.0,Needs Foundation Support,At-Risk Learner
MHxPC130493577,1,1,19.93,0.0,0.0,Needs Foundation Support,Casual Explorer
MHxPC130455743,2,1,12.88,0.0,0.0,Needs Foundation Support,At-Risk Learner
MHxPC130006373,1,1,22.23,0.0,0.0,Needs Foundation Support,Casual Explorer
MHxPC130082171,1,1,23.89,0.0,0.0,Needs Foundation Support,Casual Explorer
MHxPC130125558,1,1,4.23,0.0,0.0,Needs Foundation Support,At-Risk Learner
MHxPC130233987,1,1,0.0,0.0,0.0,Needs Foundation Support,At-Risk Learner
MHxPC130187347,1,1,0.0,0.0,0.0,Needs Foundation Support,At-Risk Learner
MHxPC130512055,2,2,27.11,0.0,1.6,Needs Foundation Support,Casual Explorer
MHxPC130546729,1,1,0.0,0.0,0.0,Needs Foundation Support,At-Risk Learner
MHxPC130337537,3,3,12.636666666666665,0.0,0.4,Needs Foundation Support,Steady Progressor
MHxPC130332130,1,1,2.67,0.0,0.0,Needs Foundation Support,At-Risk Learner
MHxPC130026471,1,1,15.51,0.0,0.0,Needs Foundation Support,At-Risk Learner
MHxPC130011494,1,1,11.54,0.0,0.0,Needs Foundation Support,At-Risk Learner
MHxPC130534826,1,1,16.56,0.0,0.0,Needs Foundation Support,At-Risk Learner
MHxPC130022522,1,1,49.78,0.0,5.3,Needs Foundation Support,Casual Explorer
MHxPC130055745,1,1,0.0,0.0,0.0,Needs Foundation Support,At-Risk Learner
MHxPC130464942,1,1,41.09,0.0,0.9,Needs Foundation Support,Casual Explorer
MHxPC130053200,1,1,12.94,0.0,0.0,Needs Foundation Support,At-Risk Learner
MHxPC130442040,2,2,21.075,0.0,0.0,Needs Foundation Support,Casual Explorer
MHxPC130078940,1,1,28.82,0.0,0.0,Needs Foundation Support,Casual Explorer
MHxPC130295153,1,1,0.0,0.0,0.0,Needs Foundation Support,At-Risk Learner
MHxPC130229854,2,1,20.235,0.0,0.0,Needs Foundation Support,Casual Explorer
MHxPC130243199,1,1,60.13,0.0,6.9,Needs Foundation Support,Casual Explorer
MHxPC130339060,1,1,4.96,0.0,0.0,Needs Foundation Support,At-Risk Learner
MHxPC130119331,2,1,3.815,0.0,0.0,Needs Foundation Support,At-Risk Learner
MHxPC130511497,2,2,46.595,1.0,99.0,Ready for Advanced,High Achiever
MHxPC130174089,1,1,26.43,0.0,0.0,Needs Foundation Support,Casual Explorer
MHxPC130210151,1,1,14.15,0.0,0.0,Needs Foundation Support,At-Risk Learner
MHxPC130296646,3,3,15.32,0.0,0.0,Needs Foundation Support,Steady Progressor
MHxPC130317064,1,1,6.66,0.0,0.0,Needs Foundation Support,At-Risk Learner
MHxPC130563534,1,1,9.88,0.0,0.0,Needs Foundation Support,At-Risk Learner
MHxPC130163224,1,1,25.9,0.0,0.0,Needs Foundation Support,Casual Explorer
MHxPC130058213,2,2,1.335,0.0,0.0,Needs Foundation Support,At-Risk Learner
MHxPC130173871,1,1,31.89,0.0,0.0,Needs Foundation Support,Casual Explorer
MHxPC130065168,1,1,10.33,0.0,0.0,Needs Foundation Support,At-Risk Learner
MHxPC130582576,1,1,20.69,0.0,0.0,Needs Foundation Support,Casual Explorer
MHxPC130335158,1,1,4.96,0.0,0.0,Needs Foundation Support,At-Risk Learner
MHxPC130116142,1,1,2.67,0.0,0.0,Needs Foundation Support,At-Risk Learner
MHxPC130325386,1,1,0.0,0.0,0.0,Needs Foundation Support,At-Risk Learner
MHxPC130573084,1,1,36.32,0.0,3.2,Needs Foundation Support,Casual Explorer
MHxPC130292736,1,1,20.25,0.0,0.0,Needs Foundation Support,Casual Explorer
MHxPC130061674,1,1,39.88,0.0,0.3,Needs Foundation Support,Casual Explorer
MHxPC130318015,1,1,0.0,0.0,0.0,Needs Foundation Support,At-Risk Learner
MHxPC130463224,1,1,4.23,0.0,0.0,Needs Foundation Support,At-Risk Learner
MHxPC130069785,2,2,23.67,0.0,0.0,Needs Foundation Support,Casual Explorer
MHxPC130561971,1,1,12.23,0.0,0.0,Needs Foundation Support,At-Risk Learner
MHxPC130236201,1,1,27.07,0.0,0.1,Needs Foundation Support,Casual Explorer
MHxPC130470073,2,2,24.47,0.0,0.0,Needs Foundation Support,Casual Explorer
MHxPC130334164,1,1,13.94,0.0,0.0,Needs Foundation Support,At-Risk Learner
MHxPC130401666,1,1,20.62,0.0,0.0,Needs Foundation Support,Casual Explorer
MHxPC130121669,3,2,24.613333333333333,0.0,0.0,Needs Foundation Support,Steady Progressor
MHxPC130533486,2,2,2.115,0.0,0.0,Needs Foundation Support,At-Risk Learner
MHxPC130345378,2,2,52.375,0.0,2.8,Needs Foundation Support,Casual Explorer
MHxPC130354127,6,4,29.598333333333333,0.333,33.3,Needs Foundation Support,Steady Progressor
MHxPC130407563,1,1,14.15,0.0,0.0,Needs Foundation Support,At-Risk Learner
MHxPC130549005,1,1,17.54,0.0,0.0,Needs Foundation Support,At-Risk Learner
MHxPC130190918,1,1,26.15,0.0,0.0,Needs Foundation Support,Casual Explorer
MHxPC130453343,2,2,4.96,0.0,0.0,Needs Foundation Support,At-Risk Learner
MHxPC130281835,1,1,0.0,0.0,0.0,Needs Foundation Support,At-Risk Learner
MHxPC130188737,1,1,12.54,0.0,0.0,Needs Foundation Support,At-Risk Learner
MHxPC130431797,3,2,52.17666666666667,0.333,34.8,Needs Foundation Support,High Achiever
MHxPC130476588,2,1,40.865,0.0,1.9,Needs Foundation Support,Casual Explorer
MHxPC130372649,1,1,9.56,0.0,0.0,Needs Foundation Support,At-Risk Learner
MHxPC130460793,2,1,3.93,0.0,0.0,Needs Foundation Support,At-Risk Learner
MHxPC130065567,2,2,2.98,0.0,0.0,Needs Foundation Support,At-Risk Learner
MHxPC130010576,2,2,9.195,0.0,0.0,Needs Foundation Support,At-Risk Learner
MHxPC130382553,1,1,39.79,0.0,0.0,Needs Foundation Support,Casual Explorer
MHxPC130426923,2,2,37.225,0.0,0.0,Needs Foundation Support,Casual Explorer
MHxPC130011887,1,1,0.0,0.0,0.0,Needs Foundation Support,At-Risk Learner
MHxPC130138931,2,2,7.29,0.0,0.0,Needs Foundation Support,At-Risk Learner
MHxPC130448757,1,1,0.0,0.0,0.0,Needs Foundation Support,At-Risk Learner
MHxPC130550726,1,1,0.0,0.0,0.0,Needs Foundation Support,At-Risk Learner
MHxPC130010147,1,1,0.0,0.0,0.0,Needs Foundation Support,At-Risk Learner
MHxPC130526379,1,1,19.92,0.0,0.0,Needs Foundation Support,Casual Explorer
MHxPC130451521,2,1,17.255,0.0,0.0,Needs Foundation Support,At-Risk Learner
MHxPC130280041,1,1,13.39,0.0,0.0,Needs Foundation Support,At-Risk Learner
MHxPC130535943,1,1,0.0,0.0,0.0,Needs Foundation Support,At-Risk Learner
MHxPC130141057,1,1,17.56,0.0,0.0,Needs Foundation Support,At-Risk Learner
MHxPC130221640,1,1,6.2,0.0,0.0,Needs Foundation Support,At-Risk Learner
MHxPC130132083,2,1,13.81,0.0,0.0,Needs Foundation Support,At-Risk Learner
MHxPC130469898,2,2,18.369999999999997,0.0,0.0,Needs Foundation Support,Casual Explorer
MHxPC130416951,1,1,6.66,0.0,0.0,Needs Foundation Support,At-Risk Learner
MHxPC130467359,1,1,5.34,0.0,0.0,Needs Foundation Support,At-Risk Learner
MHxPC130198243,2,2,31.535,0.0,0.1,Needs Foundation Support,Casual Explorer
MHxPC130285641,1,1,18.72,0.0,0.0,Needs Foundation Support,At-Risk Learner
MHxPC130311317,1,1,28.21,0.0,0.0,Needs Foundation Support,Casual Explorer
MHxPC130434244,1,1,26.54,0.0,0.3,Needs Foundation Support,Casual Explorer
MHxPC130382420,2,1,22.035,0.0,0.0,Needs Foundation Support,Casual Explorer
MHxPC130153997,1,1,5.34,0.0,0.0,Needs Foundation Support,At-Risk Learner
MHxPC130417994,1,1,21.2,0.0,0.0,Needs Foundation Support,Casual Explorer
MHxPC130071266,1,1,2.67,0.0,0.0,Needs Foundation Support,At-Risk Learner
MHxPC130283577,1,1,6.66,0.0,0.0,Needs Foundation Support,At-Risk Learner
MHxPC130163766,2,2,7.145,0.0,0.0,Needs Foundation Support,At-Risk Learner
MHxPC130149566,1,1,4.96,0.0,0.0,Needs Foundation Support,At-Risk Learner
MHxPC130323640,1,1,2.67,0.0,0.0,Needs Foundation Support,At-Risk Learner
MHxPC130569886,1,1,0.0,0.0,0.0,Needs Foundation Support,At-Risk Learner
MHxPC130325358,1,1,39.45,1.0,98.8,Ready for Advanced,High Achiever
MHxPC130139276,2,2,14.52,0.0,0.0,Needs Foundation Support,At-Risk Learner
MHxPC130310181,2,1,0.0,0.0,0.0,Needs Foundation Support,At-Risk Learner
MHxPC130180001,1,1,9.33,0.0,0.0,Needs Foundation Support,At-Risk Learner
MHxPC130485610,1,1,17.51,0.0,0.0,Needs Foundation Support,At-Risk Learner
MHxPC130582923,1,1,14.84,0.0,0.0,Needs Foundation Support,At-Risk Learner
MHxPC130368538,1,1,39.91,0.0,0.0,Needs Foundation Support,Casual Explorer
MHxPC130293651,1,1,0.0,0.0,0.0,Needs Foundation Support,At-Risk Learner
MHxPC130146814,1,1,2.67,0.0,0.0,Needs Foundation Support,At-Risk Learner
MHxPC130171622,1,1,0.0,0.0,0.0,Needs Foundation Support,At-Risk Learner
MHxPC130451833,1,1,27.13,0.0,0.0,Needs Foundation Support,Casual Explorer
MHxPC130078169,3,3,7.460000000000001,0.0,0.0,Needs Foundation Support,Steady Progressor
MHxPC130553605,1,1,0.0,0.0,0.0,Needs Foundation Support,At-Risk Learner
MHxPC130156291,1,1,5.96,0.0,0.0,Needs Foundation Support,At-Risk Learner
MHxPC130364574,1,1,9.33,0.0,0.0,Needs Foundation Support,At-Risk Learner
MHxPC130041298,1,1,53.39,0.0,5.4,Needs Foundation Support,Casual Explorer
MHxPC130319512,2,2,4.105,0.0,0.0,Needs Foundation Support,At-Risk Learner
MHxPC130191201,3,3,29.883333333333336,0.0,0.0,Needs Foundation Support,Steady Progressor
MHxPC130181379,2,2,1.335,0.0,0.0,Needs Foundation Support,At-Risk Learner
MHxPC130026709,1,1,0.0,0.0,0.0,Needs Foundation Support,At-Risk Learner
MHxPC130344070,1,1,0.0,0.0,0.0,Needs Foundation Support,At-Risk Learner
MHxPC130280883,1,1,25.76,0.0,0.0,Needs Foundation Support,Casual Explorer
MHxPC130111937,1,1,4.96,0.0,0.0,Needs Foundation Support,At-Risk Learner
MHxPC130576314,1,1,4.23,0.0,0.0,Needs Foundation Support,At-Risk Learner
MHxPC130514205,1,1,2.67,0.0,0.0,Needs Foundation Support,At-Risk Learner
MHxPC130595310,1,1,5.92,0.0,0.0,Needs Foundation Support,At-Risk Learner
MHxPC130238531,1,1,4.96,0.0,0.0,Needs Foundation Support,At-Risk Learner
MHxPC130428028,1,1,2.67,0.0,0.0,Needs Foundation Support,At-Risk Learner
MHxPC130170339,1,1,13.82,0.0,0.0,Needs Foundation Support,At-Risk Learner
MHxPC130159994,1,1,4.23,0.0,0.0,Needs Foundation Support,At-Risk Learner
MHxPC130133593,1,1,4.96,0.0,0.0,Needs Foundation Support,At-Risk Learner
MHxPC130247360,2,1,22.015,0.0,0.0,Needs Foundation Support,Casual Explorer
MHxPC130149190,4,3,3.1475,0.0,0.0,Needs Foundation Support,Steady Progressor
MHxPC130535111,1,1,3.25,0.0,0.0,Needs Foundation Support,At-Risk Learner
MHxPC130589974,1,1,0.0,0.0,0.0,Needs Foundation Support,At-Risk Learner
MHxPC130128909,2,1,14.105,0.0,0.0,Needs Foundation Support,At-Risk Learner
MHxPC130578230,1,1,4.23,0.0,0.0,Needs Foundation Support,At-Risk Learner
MHxPC130548140,1,1,11.33,0.0,0.0,Needs Foundation Support,At-Risk Learner
MHxPC130433468,1,1,22.22,0.0,0.1,Needs Foundation Support,Casual Explorer
MHxPC130375538,1,1,8.04,0.0,0.0,Needs Foundation Support,At-Risk Learner
MHxPC130188988,1,1,0.0,0.0,0.0,Needs Foundation Support,At-Risk Learner
MHxPC130099492,1,1,6.66,0.0,0.0,Needs Foundation Support,At-Risk Learner
MHxPC130194296,1,1,34.11,0.0,0.1,Needs Foundation Support,Casual Explorer
MHxPC130353447,1,1,5.34,0.0,0.0,Needs Foundation Support,At-Risk Learner
MHxPC130455961,5,4,15.112,0.0,0.0,Needs Foundation Support,Steady Progressor
MHxPC130219043,1,1,24.91,0.0,0.2,Needs Foundation Support,Casual Explorer
MHxPC130296888,2,1,26.135,0.0,0.2,Needs Foundation Support,Casual Explorer
MHxPC130323151,1,1,26.94,0.0,0.4,Needs Foundation Support,Casual Explorer
MHxPC130577437,1,1,4.23,0.0,0.0,Needs Foundation Support,At-Risk Learner
MHxPC130580058,1,1,13.8,0.0,0.0,Needs Foundation Support,At-Risk Learner
MHxPC130239031,1,1,2.67,0.0,0.0,Needs Foundation Support,At-Risk Learner
MHxPC130321511,1,1,21.37,0.0,0.0,Needs Foundation Support,Casual Explorer
MHxPC130593506,1,1,27.48,0.0,0.1,Needs Foundation Support,Casual Explorer
MHxPC130545318,1,1,16.2,0.0,0.0,Needs Foundation Support,At-Risk Learner
MHxPC130557832,1,1,34.26,0.0,0.1,Needs Foundation Support,Casual Explorer
MHxPC130341203,1,1,0.0,0.0,0.0,Needs Foundation Support,At-Risk Learner
MHxPC130535650,1,1,51.74,0.0,1.0,Needs Foundation Support,Casual Explorer
MHxPC130571070,1,1,2.67,0.0,0.0,Needs Foundation Support,At-Risk Learner
MHxPC130442783,1,1,0.0,0.0,0.0,Needs Foundation Support,At-Risk Learner
MHxPC130395095,1,1,23.55,0.0,0.4,Needs Foundation Support,Casual Explorer
MHxPC130039870,1,1,9.89,0.0,1.0,Needs Foundation Support,At-Risk Learner
MHxPC130229256,1,1,9.74,0.0,0.0,Needs Foundation Support,At-Risk Learner
MHxPC130258534,2,2,26.075000000000003,0.0,1.2,Needs Foundation Support,Casual Explorer
MHxPC130219146,1,1,4.96,0.0,0.0,Needs Foundation Support,At-Risk Learner
MHxPC130270919,1,1,11.45,0.0,0.0,Needs Foundation Support,At-Risk Learner
MHxPC130296714,1,1,4.96,0.0,0.0,Needs Foundation Support,At-Risk Learner
MHxPC130366664,2,2,20.205,0.0,0.0,Needs Foundation Support,Casual Explorer
MHxPC130262162,4,4,34.7675,0.0,1.0,Needs Foundation Support,Steady Progressor
MHxPC130578744,2,2,12.89,0.0,0.0,Needs Foundation Support,At-Risk Learner
MHxPC130085308,2,2,14.695,0.0,0.0,Needs Foundation Support,At-Risk Learner
MHxPC130375873,1,1,5.96,0.0,0.0,Needs Foundation Support,At-Risk Learner
MHxPC130306002,1,1,23.07,0.0,0.0,Needs Foundation Support,Casual Explorer
MHxPC130109442,1,1,0.0,0.0,0.0,Needs Foundation Support,At-Risk Learner
MHxPC130514917,1,1,17.11,0.0,0.0,Needs Foundation Support,At-Risk Learner
MHxPC130414797,1,1,0.0,0.0,0.0,Needs Foundation Support,At-Risk Learner
MHxPC130331522,1,1,2.67,0.0,0.0,Needs Foundation Support,At-Risk Learner
MHxPC130047019,1,1,17.44,0.0,0.0,Needs Foundation Support,At-Risk Learner
MHxPC130243455,1,1,18.96,0.0,0.0,Needs Foundation Support,At-Risk Learner
MHxPC130115606,3,3,18.223333333333333,0.0,0.1,Needs Foundation Support,Steady Progressor
MHxPC130515819,1,1,2.67,0.0,0.0,Needs Foundation Support,At-Risk Learner
MHxPC130070365,1,1,7.21,0.0,0.0,Needs Foundation Support,At-Risk Learner
MHxPC130256602,1,1,0.0,0.0,0.0,Needs Foundation Support,At-Risk Learner
MHxPC130355088,1,1,16.27,0.0,0.0,Needs Foundation Support,At-Risk Learner
MHxPC130406247,1,1,35.57,0.0,0.0,Needs Foundation Support,Casual Explorer
MHxPC130064666,2,2,24.4,0.0,0.0,Needs Foundation Support,Casual Explorer
MHxPC130113669,1,1,0.0,0.0,0.0,Needs Foundation Support,At-Risk Learner
MHxPC130569397,1,1,2.67,0.0,0.0,Needs Foundation Support,At-Risk Learner
MHxPC130540177,1,1,11.04,0.0,0.0,Needs Foundation Support,At-Risk Learner
MHxPC130453399,1,1,0.0,0.0,0.0,Needs Foundation Support,At-Risk Learner
MHxPC130550422,1,1,29.36,0.0,0.1,Needs Foundation Support,Casual Explorer
MHxPC130235981,7,6,18.037142857142857,0.0,0.2,Needs Foundation Support,Steady Progressor
MHxPC130068506,1,1,0.0,0.0,0.0,Needs Foundation Support,At-Risk Learner
MHxPC130122613,3,2,4.723333333333334,0.0,0.0,Needs Foundation Support,Steady Progressor
MHxPC130365346,2,1,2.48,0.0,0.0,Needs Foundation Support,At-Risk Learner
MHxPC130180119,1,1,42.31,0.0,0.0,Needs Foundation Support,Casual Explorer
MHxPC130465019,2,1,0.0,0.0,0.0,Needs Foundation Support,At-Risk Learner
MHxPC130568497,2,1,9.445,0.0,0.0,Needs Foundation Support,At-Risk Learner
MHxPC130530015,1,1,6.2,0.0,0.0,Needs Foundation Support,At-Risk Learner
MHxPC130237461,1,1,12.54,0.0,0.0,Needs Foundation Support,At-Risk Learner
MHxPC130092640,1,1,4.96,0.0,0.0,Needs Foundation Support,At-Risk Learner
MHxPC130306707,1,1,9.92,0.0,0.0,Needs Foundation Support,At-Risk Learner
MHxPC130394912,1,1,39.19,0.0,0.0,Needs Foundation Support,Casual Explorer
MHxPC130591047,1,1,0.0,0.0,0.0,Needs Foundation Support,At-Risk Learner
MHxPC130218106,1,1,4.96,0.0,0.0,Needs Foundation Support,At-Risk Learner
MHxPC130155511,1,1,4.23,0.0,0.0,Needs Foundation Support,At-Risk Learner
MHxPC130482586,2,1,2.96,0.0,0.0,Needs Foundation Support,At-Risk Learner
MHxPC130157236,3,3,14.89,0.0,0.0,Needs Foundation Support,Steady Progressor
MHxPC130014205,1,1,0.0,0.0,0.0,Needs Foundation Support,At-Risk Learner
MHxPC130452895,1,1,10.71,0.0,0.0,Needs Foundation Support,At-Risk Learner
MHxPC130001532,3,2,9.236666666666666,0.0,0.0,Needs Foundation Support,Steady Progressor
MHxPC130441644,1,1,16.98,0.0,0.0,Needs Foundation Support,At-Risk Learner
MHxPC130442882,2,1,30.955,0.5,50.0,Building Readiness,High Achiever
MHxPC130027172,1,1,4.96,0.0,0.0,Needs Foundation Support,At-Risk Learner
MHxPC130557753,1,1,8.57,0.0,0.0,Needs Foundation Support,At-Risk Learner
MHxPC130110065,1,1,12.42,0.0,0.0,Needs Foundation Support,At-Risk Learner
MHxPC130517087,1,1,14.95,0.0,0.0,Needs Foundation Support,At-Risk Learner
MHxPC130403163,2,2,45.31,0.0,3.2,Needs Foundation Support,Casual Explorer
MHxPC130133098,1,1,12.61,0.0,0.0,Needs Foundation Support,At-Risk Learner
MHxPC130203911,1,1,0.0,0.0,0.0,Needs Foundation Support,At-Risk Learner
MHxPC130563556,1,1,2.67,0.0,0.0,Needs Foundation Support,At-Risk Learner
MHxPC130288529,1,1,20.08,0.0,0.0,Needs Foundation Support,Casual Explorer
MHxPC130240396,1,1,13.41,0.0,0.0,Needs Foundation Support,At-Risk Learner
MHxPC130266581,1,1,32.62,0.0,0.0,Needs Foundation Support,Casual Explorer
MHxPC130075004,1,1,2.67,0.0,0.0,Needs Foundation Support,At-Risk Learner
MHxPC130361845,1,1,0.0,0.0,0.0,Needs Foundation Support,At-Risk Learner
MHxPC130022398,1,1,15.7,0.0,0.0,Needs Foundation Support,At-Risk Learner
MHxPC130281976,1,1,7.21,0.0,0.0,Needs Foundation Support,At-Risk Learner
MHxPC130403494,1,1,17.99,0.0,0.0,Needs Foundation Support,At-Risk Learner
MHxPC130386026,1,1,26.26,0.0,0.0,Needs Foundation Support,Casual Explorer
MHxPC130347574,1,1,9.56,0.0,0.0,Needs Foundation Support,At-Risk Learner
MHxPC130540845,1,1,5.16,0.0,0.0,Needs Foundation Support,At-Risk Learner
MHxPC130225607,1,1,18.66,0.0,0.0,Needs Foundation Support,At-Risk Learner
MHxPC130273041,1,1,57.74,1.0,99.8,Ready for Advanced,High Achiever
MHxPC130366370,1,1,22.76,0.0,0.0,Needs Foundation Support,Casual Explorer
MHxPC130556524,1,1,5.16,0.0,0.0,Needs Foundation Support,At-Risk Learner
MHxPC130169853,1,1,13.15,0.0,0.0,Needs Foundation Support,At-Risk Learner
MHxPC130342910,1,1,21.59,0.0,0.0,Needs Foundation Support,Casual Explorer
MHxPC130046691,1,1,2.67,0.0,0.0,Needs Foundation Support,At-Risk Learner
MHxPC130372355,2,2,14.02,0.0,0.0,Needs Foundation Support,At-Risk Learner
MHxPC130322532,1,1,18.42,0.0,0.0,Needs Foundation Support,At-Risk Learner
MHxPC130334123,1,1,0.0,0.0,0.0,Needs Foundation Support,At-Risk Learner
MHxPC130082223,1,1,20.98,0.0,0.0,Needs Foundation Support,Casual Explorer
MHxPC130341669,2,1,7.895,0.0,0.0,Needs Foundation Support,At-Risk Learner
MHxPC130260545,1,1,2.67,0.0,0.0,Needs Foundation Support,At-Risk Learner
MHxPC130534565,1,1,28.31,0.0,0.0,Needs Foundation Support,Casual Explorer
MHxPC130300533,1,1,13.0,0.0,0.0,Needs Foundation Support,At-Risk Learner
MHxPC130571924,1,1,4.23,0.0,0.0,Needs Foundation Support,At-Risk Learner
MHxPC130165764,2,2,29.675,0.0,0.0,Needs Foundation Support,Casual Explorer
MHxPC130437871,1,1,3.25,0.0,0.0,Needs Foundation Support,At-Risk Learner
MHxPC130097818,1,1,39.34,0.0,0.2,Needs Foundation Support,Casual Explorer
MHxPC130268253,2,1,3.83,0.0,0.0,Needs Foundation Support,At-Risk Learner
MHxPC130497704,1,1,2.67,0.0,0.0,Needs Foundation Support,At-Risk Learner
MHxPC130232039,3,2,8.18,0.0,0.0,Needs Foundation Support,Steady Progressor
MHxPC130148740,2,2,13.455,0.0,0.0,Needs Foundation Support,At-Risk Learner
MHxPC130530538,1,1,4.96,0.0,0.0,Needs Foundation Support,At-Risk Learner
MHxPC130504850,1,1,4.96,0.0,0.0,Needs Foundation Support,At-Risk Learner
MHxPC130259259,1,1,7.86,0.0,0.0,Needs Foundation Support,At-Risk Learner
MHxPC130225226,1,1,4.96,0.0,0.0,Needs Foundation Support,At-Risk Learner
MHxPC130421274,2,1,10.49,0.0,0.0,Needs Foundation Support,At-Risk Learner
MHxPC130194555,1,1,4.96,0.0,0.0,Needs Foundation Support,At-Risk Learner
MHxPC130458086,3,2,1.4100000000000001,0.0,0.0,Needs Foundation Support,Steady Progressor
MHxPC130487157,1,1,13.73,0.0,0.0,Needs Foundation Support,At-Risk Learner
MHxPC130158404,1,1,0.0,0.0,0.0,Needs Foundation Support,At-Risk Learner
MHxPC130451487,1,1,42.89,0.0,0.5,Needs Foundation Support,Casual Explorer
MHxPC130505287,1,1,35.13,0.0,0.0,Needs Foundation Support,Casual Explorer
MHxPC130559021,1,1,37.71,0.0,0.0,Needs Foundation Support,Casual Explorer
MHxPC130192481,1,1,0.0,0.0,0.0,Needs Foundation Support,At-Risk Learner
MHxPC130190201,2,2,9.945,0.0,0.0,Needs Foundation Support,At-Risk Learner
MHxPC130016603,1,1,11.54,0.0,0.0,Needs Foundation Support,At-Risk Learner
MHxPC130516946,1,1,4.23,0.0,0.0,Needs Foundation Support,At-Risk Learner
MHxPC130209323,1,1,13.79,0.0,0.0,Needs Foundation Support,At-Risk Learner
MHxPC130152861,1,1,4.23,0.0,0.0,Needs Foundation Support,At-Risk Learner
MHxPC130441612,1,1,2.67,0.0,0.0,Needs Foundation Support,At-Risk Learner
MHxPC130190685,1,1,12.89,0.0,0.0,Needs Foundation Support,At-Risk Learner
MHxPC130507587,1,1,40.21,0.0,0.0,Needs Foundation Support,Casual Explorer
MHxPC130436640,3,2,16.426666666666666,0.0,0.0,Needs Foundation Support,Steady Progressor
MHxPC130032996,1,1,0.0,0.0,0.0,Needs Foundation Support,At-Risk Learner
MHxPC130317622,1,1,22.39,0.0,0.0,Needs Foundation Support,Casual Explorer
MHxPC130214174,1,1,5.96,0.0,0.0,Needs Foundation Support,At-Risk Learner
MHxPC130214618,1,1,36.66,0.0,0.0,Needs Foundation Support,Casual Explorer
MHxPC130382256,1,1,6.66,0.0,0.0,Needs Foundation Support,At-Risk Learner
MHxPC130014829,1,1,4.96,0.0,0.0,Needs Foundation Support,At-Risk Learner
MHxPC130524453,1,1,0.0,0.0,0.0,Needs Foundation Support,At-Risk Learner
MHxPC130178171,1,1,25.61,0.0,0.0,Needs Foundation Support,Casual Explorer
MHxPC130524436,1,1,13.24,0.0,0.0,Needs Foundation Support,At-Risk Learner
MHxPC130500230,1,1,18.5,0.0,0.0,Needs Foundation Support,At-Risk Learner
MHxPC130398378,1,1,18.46,0.0,0.0,Needs Foundation Support,At-Risk Learner
MHxPC130573982,1,1,4.96,0.0,0.0,Needs Foundation Support,At-Risk Learner
MHxPC130380709,1,1,22.53,0.0,0.0,Needs Foundation Support,Casual Explorer
MHxPC130114250,1,1,4.96,0.0,0.0,Needs Foundation Support,At-Risk Learner
MHxPC130075468,1,1,17.27,0.0,0.2,Needs Foundation Support,At-Risk Learner
MHxPC130454245,1,1,22.71,0.0,0.0,Needs Foundation Support,Casual Explorer
MHxPC130291544,1,1,22.47,0.0,0.2,Needs Foundation Support,Casual Explorer
MHxPC130090923,1,1,16.53,0.0,0.0,Needs Foundation Support,At-Risk Learner
MHxPC130398750,1,1,31.01,0.0,0.0,Needs Foundation Support,Casual Explorer
MHxPC130124970,1,1,13.8,0.0,0.0,Needs Foundation Support,At-Risk Learner
MHxPC130595079,1,1,61.8,1.0,99.7,Ready for Advanced,High Achiever
MHxPC130545192,1,1,4.23,0.0,0.0,Needs Foundation Support,At-Risk Learner
MHxPC130130453,1,1,2.67,0.0,0.0,Needs Foundation Support,At-Risk Learner
MHxPC130565296,1,1,4.96,0.0,0.0,Needs Foundation Support,At-Risk Learner
MHxPC130479811,1,1,6.66,0.0,0.0,Needs Foundation Support,At-Risk Learner
MHxPC130187642,1,1,32.92,0.0,0.9,Needs Foundation Support,Casual Explorer
MHxPC130333751,1,1,4.96,0.0,0.0,Needs Foundation Support,At-Risk Learner
MHxPC130188052,5,2,15.436000000000002,0.0,0.0,Needs Foundation Support,Steady Progressor
MHxPC130249312,1,1,18.07,0.0,0.0,Needs Foundation Support,At-Risk Learner
MHxPC130316998,2,1,16.57,0.0,0.0,Needs Foundation Support,At-Risk Learner
MHxPC130575357,2,2,4.955,0.0,0.0,Needs Foundation Support,At-Risk Learner
MHxPC130372607,2,1,2.48,0.0,0.0,Needs Foundation Support,At-Risk Learner
MHxPC130323297,1,1,41.81,0.0,0.0,Needs Foundation Support,Casual Explorer
MHxPC130242470,1,1,48.5,0.0,0.8,Needs Foundation Support,Casual Explorer
MHxPC130292638,1,1,19.63,0.0,0.0,Needs Foundation Support,Casual Explorer
MHxPC130269822,2,2,4.105,0.0,0.0,Needs Foundation Support,At-Risk Learner
MHxPC130340545,1,1,25.5,0.0,0.0,Needs Foundation Support,Casual Explorer
MHxPC130579727,1,1,38.04,0.0,1.1,Needs Foundation Support,Casual Explorer
MHxPC130292831,1,1,14.12,0.0,0.0,Needs Foundation Support,At-Risk Learner
MHxPC130088680,1,1,13.96,0.0,0.0,Needs Foundation Support,At-Risk Learner
MHxPC130289140,1,1,17.82,0.0,0.0,Needs Foundation Support,At-Risk Learner
MHxPC130580539,1,1,0.0,0.0,0.0,Needs Foundation Support,At-Risk Learner
MHxPC130029588,1,1,27.07,0.0,0.0,Needs Foundation Support,Casual Explorer
MHxPC130005993,2,2,66.15,1.0,100.0,Ready for Advanced,High Achiever
MHxPC130579444,1,1,12.54,0.0,0.0,Needs Foundation Support,At-Risk Learner
MHxPC130574015,1,1,29.07,0.0,0.0,Needs Foundation Support,Casual Explorer
MHxPC130297854,1,1,0.0,0.0,0.0,Needs Foundation Support,At-Risk Learner
MHxPC130259287,1,1,33.49,0.0,0.5,Needs Foundation Support,Casual Explorer
MHxPC130495728,1,1,16.26,0.0,0.0,Needs Foundation Support,At-Risk Learner
MHxPC130070329,1,1,0.0,0.0,0.0,Needs Foundation Support,At-Risk Learner
MHxPC130070894,2,2,54.28,0.5,50.2,Building Readiness,High Achiever
MHxPC130057687,1,1,7.86,0.0,0.0,Needs Foundation Support,At-Risk Learner
MHxPC130301759,1,1,5.34,0.0,0.0,Needs Foundation Support,At-Risk Learner
MHxPC130538112,1,1,16.16,0.0,0.0,Needs Foundation Support,At-Risk Learner
MHxPC130504386,1,1,13.03,0.0,0.0,Needs Foundation Support,At-Risk Learner
MHxPC130525786,1,1,6.66,0.0,0.0,Needs Foundation Support,At-Risk Learner
MHxPC130094843,2,2,25.95,0.0,0.1,Needs Foundation Support,Casual Explorer
MHxPC130474218,1,1,4.96,0.0,0.0,Needs Foundation Support,At-Risk Learner
MHxPC130197574,1,1,26.99,0.0,0.0,Needs Foundation Support,Casual Explorer
MHxPC130164013,1,1,27.13,1.0,99.4,Ready for Advanced,High Achiever
MHxPC130380095,1,1,7.86,0.0,0.0,Needs Foundation Support,At-Risk Learner
MHxPC130412719,1,1,24.64,0.0,0.0,Needs Foundation Support,Casual Explorer
MHxPC130057901,1,1,48.89,0.0,0.4,Needs Foundation Support,Casual Explorer
MHxPC130324172,1,1,27.27,0.0,0.0,Needs Foundation Support,Casual Explorer
MHxPC130165628,2,1,2.48,0.0,0.0,Needs Foundation Support,At-Risk Learner
MHxPC130512472,1,1,8.04,0.0,0.0,Needs Foundation Support,At-Risk Learner
MHxPC130172922,1,1,5.96,0.0,0.0,Needs Foundation Support,At-Risk Learner
MHxPC130098008,1,1,10.71,0.0,0.0,Needs Foundation Support,At-Risk Learner
MHxPC130190275,1,1,0.0,0.0,0.0,Needs Foundation Support,At-Risk Learner
MHxPC130434676,1,1,0.0,0.0,0.0,Needs Foundation Support,At-Risk Learner
MHxPC130434235,1,1,42.2,0.0,0.0,Needs Foundation Support,Casual Explorer
MHxPC130403835,2,2,15.57,0.0,0.0,Needs Foundation Support,At-Risk Learner
MHxPC130274768,1,1,2.67,0.0,0.0,Needs Foundation Support,At-Risk Learner
MHxPC130517121,1,1,0.0,0.0,0.0,Needs Foundation Support,At-Risk Learner
MHxPC130231937,1,1,3.25,0.0,0.0,Needs Foundation Support,At-Risk Learner
MHxPC130417633,1,1,18.88,0.0,0.0,Needs Foundation Support,At-Risk Learner
MHxPC130142409,1,1,53.6,1.0,99.9,Ready for Advanced,High Achiever
MHxPC130455375,1,1,6.2,0.0,0.0,Needs Foundation Support,At-Risk Learner
MHxPC130077225,1,1,43.29,0.0,0.0,Needs Foundation Support,Casual Explorer
MHxPC130154227,1,1,18.06,0.0,0.0,Needs Foundation Support,At-Risk Learner
MHxPC130077694,1,1,20.9,0.0,0.0,Needs Foundation Support,Casual Explorer
MHxPC130112552,1,1,14.98,0.0,0.0,Needs Foundation Support,At-Risk Learner
MHxPC130309587,1,1,6.66,0.0,0.0,Needs Foundation Support,At-Risk Learner
MHxPC130593809,1,1,10.33,0.0,0.0,Needs Foundation Support,At-Risk Learner
MHxPC130166270,2,2,15.99,0.0,0.0,Needs Foundation Support,At-Risk Learner
MHxPC130058754,1,1,35.61,0.0,0.0,Needs Foundation Support,Casual Explorer
MHxPC130484641,2,1,16.36,0.0,0.0,Needs Foundation Support,At-Risk Learner
MHxPC130375156,5,5,10.678,0.0,0.0,Needs Foundation Support,Steady Progressor
MHxPC130139312,1,1,35.33,0.0,0.0,Needs Foundation Support,Casual Explorer
MHxPC130022812,1,1,6.66,0.0,0.0,Needs Foundation Support,At-Risk Learner
MHxPC130385103,1,1,44.86,0.0,0.0,Needs Foundation Support,Casual Explorer
MHxPC130063946,1,1,6.91,0.0,0.0,Needs Foundation Support,At-Risk Learner
MHxPC130237011,1,1,17.03,0.0,0.0,Needs Foundation Support,At-Risk Learner
MHxPC130530952,1,1,2.67,0.0,0.0,Needs Foundation Support,At-Risk Learner
MHxPC130254778,1,1,4.96,0.0,0.0,Needs Foundation Support,At-Risk Learner
MHxPC130095061,1,1,32.57,0.0,0.0,Needs Foundation Support,Casual Explorer
MHxPC130214305,1,1,2.67,0.0,0.0,Needs Foundation Support,At-Risk Learner
MHxPC130460536,1,1,32.45,0.0,0.1,Needs Foundation Support,Casual Explorer
MHxPC130160860,1,1,0.0,0.0,0.0,Needs Foundation Support,At-Risk Learner
MHxPC130287932,2,1,24.765,0.0,0.2,Needs Foundation Support,Casual Explorer
MHxPC130473501,1,1,24.11,0.0,0.0,Needs Foundation Support,Casual Explorer
MHxPC130536836,2,1,2.48,0.0,0.0,Needs Foundation Support,At-Risk Learner
MHxPC130058415,1,1,5.96,0.0,0.0,Needs Foundation Support,At-Risk Learner
MHxPC130328560,1,1,14.94,0.0,0.0,Needs Foundation Support,At-Risk Learner
MHxPC130068807,1,1,6.66,0.0,0.0,Needs Foundation Support,At-Risk Learner
MHxPC130191284,1,1,11.46,0.0,0.0,Needs Foundation Support,At-Risk Learner
MHxPC130459053,1,1,15.9,0.0,0.0,Needs Foundation Support,At-Risk Learner
MHxPC130586184,1,1,25.07,0.0,0.0,Needs Foundation Support,Casual Explorer
MHxPC130595843,1,1,4.96,0.0,0.0,Needs Foundation Support,At-Risk Learner
MHxPC130365181,1,1,38.29,0.0,0.0,Needs Foundation Support,Casual Explorer
MHxPC130456174,2,1,7.675000000000001,0.0,0.0,Needs Foundation Support,At-Risk Learner
MHxPC130254327,1,1,7.63,0.0,0.0,Needs Foundation Support,At-Risk Learner
MHxPC130411774,1,1,0.0,0.0,0.0,Needs Foundation Support,At-Risk Learner
MHxPC130419462,1,1,19.8,0.0,0.0,Needs Foundation Support,Casual Explorer
MHxPC130148533,1,1,2.67,0.0,0.0,Needs Foundation Support,At-Risk Learner
MHxPC130071248,2,2,8.21,0.0,0.0,Needs Foundation Support,At-Risk Learner
MHxPC130594996,1,1,4.96,0.0,0.0,Needs Foundation Support,At-Risk Learner
MHxPC130177945,3,3,18.883333333333333,0.0,0.4,Needs Foundation Support,Steady Progressor
MHxPC130221102,1,1,21.56,0.0,0.0,Needs Foundation Support,Casual Explorer
MHxPC130301945,2,1,5.96,0.0,0.0,Needs Foundation Support,At-Risk Learner
MHxPC130357260,1,1,8.57,0.0,0.0,Needs Foundation Support,At-Risk Learner
MHxPC130161678,1,1,0.0,0.0,0.0,Needs Foundation Support,At-Risk Learner
MHxPC130026214,1,1,19.06,0.0,0.0,Needs Foundation Support,At-Risk Learner
MHxPC130415724,1,1,8.92,0.0,0.0,Needs Foundation Support,At-Risk Learner
MHxPC130066523,1,1,0.0,0.0,0.0,Needs Foundation Support,At-Risk Learner
MHxPC130536463,1,1,19.87,0.0,0.2,Needs Foundation Support,Casual Explorer
MHxPC130443363,1,1,22.86,0.0,0.7,Needs Foundation Support,Casual Explorer
MHxPC130392800,1,1,3.25,0.0,0.0,Needs Foundation Support,At-Risk Learner
MHxPC130495729,1,1,20.73,0.0,0.0,Needs Foundation Support,Casual Explorer
MHxPC130536704,1,1,0.0,0.0,0.0,Needs Foundation Support,At-Risk Learner
MHxPC130224800,1,1,0.0,0.0,0.0,Needs Foundation Support,At-Risk Learner
MHxPC130235293,1,1,16.28,0.0,0.0,Needs Foundation Support,At-Risk Learner
MHxPC130062457,1,1,21.46,0.0,0.0,Needs Foundation Support,Casual Explorer
MHxPC130021532,1,1,6.66,0.0,0.0,Needs Foundation Support,At-Risk Learner
MHxPC130301731,1,1,0.0,0.0,0.0,Needs Foundation Support,At-Risk Learner
MHxPC130492265,1,1,22.84,0.0,0.1,Needs Foundation Support,Casual Explorer
MHxPC130309815,2,2,4.695,0.0,0.0,Needs Foundation Support,At-Risk Learner
MHxPC130571453,1,1,13.14,0.0,0.8,Needs Foundation Support,At-Risk Learner
MHxPC130429658,1,1,4.96,0.0,0.0,Needs Foundation Support,At-Risk Learner
MHxPC130428298,1,1,4.96,0.0,0.0,Needs Foundation Support,At-Risk Learner
MHxPC130410538,1,1,7.66,0.0,0.0,Needs Foundation Support,At-Risk Learner
MHxPC130215437,1,1,6.66,0.0,0.0,Needs Foundation Support,At-Risk Learner
MHxPC130510759,2,2,15.31,0.0,0.0,Needs Foundation Support,At-Risk Learner
MHxPC130317940,1,1,0.0,0.0,0.0,Needs Foundation Support,At-Risk Learner
MHxPC130225543,6,5,9.096666666666666,0.0,0.0,Needs Foundation Support,Steady Progressor
MHxPC130559711,2,2,24.974999999999998,0.0,1.9,Needs Foundation Support,Casual Explorer
MHxPC130092595,2,2,36.48,0.0,0.2,Needs Foundation Support,Casual Explorer
MHxPC130131057,1,1,12.94,0.0,0.0,Needs Foundation Support,At-Risk Learner
MHxPC130460903,1,1,6.86,0.0,0.0,Needs Foundation Support,At-Risk Learner
MHxPC130238282,1,1,4.96,0.0,0.0,Needs Foundation Support,At-Risk Learner
MHxPC130108889,1,1,41.75,0.0,0.0,Needs Foundation Support,Casual Explorer
MHxPC130171452,1,1,6.5,0.0,0.0,Needs Foundation Support,At-Risk Learner
MHxPC130231467,1,1,0.0,0.0,0.0,Needs Foundation Support,At-Risk Learner
MHxPC130552626,2,2,9.05,0.0,0.0,Needs Foundation Support,At-Risk Learner
MHxPC130164265,1,1,16.55,0.0,0.0,Needs Foundation Support,At-Risk Learner
MHxPC130288518,3,2,14.313333333333333,0.0,0.0,Needs Foundation Support,Steady Progressor
MHxPC130077061,1,1,21.38,0.0,0.0,Needs Foundation Support,Casual Explorer
MHxPC130573755,1,1,25.64,0.0,0.9,Needs Foundation Support,Casual Explorer
MHxPC130116077,2,1,12.605,0.0,0.0,Needs Foundation Support,At-Risk Learner
MHxPC130299007,2,1,2.48,0.0,0.0,Needs Foundation Support,At-Risk Learner
MHxPC130479391,1,1,49.68,0.0,0.3,Needs Foundation Support,Casual Explorer
MHxPC130309006,1,1,23.22,0.0,0.0,Needs Foundation Support,Casual Explorer
MHxPC130179816,1,1,0.0,0.0,0.0,Needs Foundation Support,At-Risk Learner
MHxPC130245524,1,1,6.66,0.0,0.0,Needs Foundation Support,At-Risk Learner
MHxPC130440806,2,2,0.0,0.0,0.0,Needs Foundation Support,At-Risk Learner
MHxPC130302709,1,1,6.66,0.0,0.0,Needs Foundation Support,At-Risk Learner
MHxPC130149279,1,1,5.96,0.0,0.0,Needs Foundation Support,At-Risk Learner
MHxPC130500489,1,1,45.66,0.0,3.4,Needs Foundation Support,Casual Explorer
MHxPC130435471,3,3,27.786666666666665,0.0,0.4,Needs Foundation Support,Steady Progressor
MHxPC130061754,1,1,4.96,0.0,0.0,Needs Foundation Support,At-Risk Learner
MHxPC130312397,1,1,19.46,0.0,0.0,Needs Foundation Support,Casual Explorer
MHxPC130364521,1,1,0.0,0.0,0.0,Needs Foundation Support,At-Risk Learner
MHxPC130462964,2,2,31.465,0.0,1.6,Needs Foundation Support,Casual Explorer
MHxPC130284703,1,1,17.62,0.0,0.0,Needs Foundation Support,At-Risk Learner
MHxPC130222577,1,1,0.0,0.0,0.0,Needs Foundation Support,At-Risk Learner
MHxPC130084172,1,1,30.8,0.0,0.0,Needs Foundation Support,Casual Explorer
MHxPC130081753,1,1,28.16,0.0,0.2,Needs Foundation Support,Casual Explorer
MHxPC130466944,1,1,9.88,0.0,0.0,Needs Foundation Support,At-Risk Learner
MHxPC130291866,1,1,0.0,0.0,0.0,Needs Foundation Support,At-Risk Learner
MHxPC130497551,2,1,24.464999999999996,0.0,0.1,Needs Foundation Support,Casual Explorer
MHxPC130402101,2,1,24.5,0.0,0.4,Needs Foundation Support,Casual Explorer
MHxPC130269147,1,1,4.23,0.0,0.0,Needs Foundation Support,At-Risk Learner
MHxPC130063590,1,1,22.69,0.0,0.0,Needs Foundation Support,Casual Explorer
MHxPC130169607,1,1,5.96,0.0,0.0,Needs Foundation Support,At-Risk Learner
MHxPC130559135,2,2,7.93,0.0,0.0,Needs Foundation Support,At-Risk Learner
MHxPC130289997,1,1,4.96,0.0,0.0,Needs Foundation Support,At-Risk Learner
MHxPC130532203,1,1,4.23,0.0,0.0,Needs Foundation Support,At-Risk Learner
MHxPC130011398,1,1,0.0,0.0,0.0,Needs Foundation Support,At-Risk Learner
MHxPC130138520,1,1,0.0,0.0,0.0,Needs Foundation Support,At-Risk Learner
MHxPC130286377,1,1,11.33,0.0,0.0,Needs Foundation Support,At-Risk Learner
MHxPC130498786,2,1,18.630000000000003,0.0,0.0,Needs Foundation Support,Casual Explorer
MHxPC130596216,1,1,27.54,0.0,0.0,Needs Foundation Support,Casual Explorer
MHxPC130530995,2,1,10.455,0.0,0.0,Needs Foundation Support,At-Risk Learner
MHxPC130155481,1,1,35.7,0.0,1.6,Needs Foundation Support,Casual Explorer
MHxPC130031238,1,1,15.69,0.0,0.0,Needs Foundation Support,At-Risk Learner
MHxPC130128926,1,1,20.09,0.0,0.4,Needs Foundation Support,Casual Explorer
MHxPC130081539,1,1,0.0,0.0,0.0,Needs Foundation Support,At-Risk Learner
MHxPC130264951,1,1,0.0,0.0,0.0,Needs Foundation Support,At-Risk Learner
MHxPC130455889,2,2,34.565,0.0,2.2,Needs Foundation Support,Casual Explorer
MHxPC130440223,1,1,4.96,0.0,0.0,Needs Foundation Support,At-Risk Learner
MHxPC130313857,1,1,0.0,0.0,0.0,Needs Foundation Support,At-Risk Learner
MHxPC130097915,3,2,28.21666666666667,0.0,0.0,Needs Foundation Support,Steady Progressor
MHxPC130235512,1,1,12.89,0.0,0.0,Needs Foundation Support,At-Risk Learner
MHxPC130408687,1,1,30.52,0.0,0.0,Needs Foundation Support,Casual Explorer
MHxPC130590393,1,1,0.0,0.0,0.0,Needs Foundation Support,At-Risk Learner
MHxPC130021684,1,1,6.66,0.0,0.0,Needs Foundation Support,At-Risk Learner
MHxPC130114204,1,1,4.96,0.0,0.0,Needs Foundation Support,At-Risk Learner
MHxPC130537775,1,1,10.19,0.0,0.0,Needs Foundation Support,At-Risk Learner
MHxPC130368715,1,1,7.86,0.0,0.0,Needs Foundation Support,At-Risk Learner
MHxPC130132982,1,1,14.73,0.0,0.0,Needs Foundation Support,At-Risk Learner
MHxPC130590997,1,1,20.96,0.0,0.0,Needs Foundation Support,Casual Explorer
MHxPC130226965,1,1,31.85,0.0,0.0,Needs Foundation Support,Casual Explorer
MHxPC130255710,1,1,19.82,0.0,0.0,Needs Foundation Support,Casual Explorer
MHxPC130596684,1,1,25.1,0.0,0.0,Needs Foundation Support,Casual Explorer
MHxPC130211709,2,1,10.825,0.0,0.0,Needs Foundation Support,At-Risk Learner
MHxPC130338052,2,1,18.47,0.0,0.6,Needs Foundation Support,At-Risk Learner
MHxPC130074193,2,1,15.23,0.0,0.0,Needs Foundation Support,At-Risk Learner
MHxPC130129480,1,1,2.67,0.0,0.0,Needs Foundation Support,At-Risk Learner
MHxPC130595252,1,1,29.63,0.0,0.3,Needs Foundation Support,Casual Explorer
MHxPC130196228,2,1,64.755,0.0,48.1,Building Readiness,High Achiever
MHxPC130367488,1,1,2.67,0.0,0.0,Needs Foundation Support,At-Risk Learner
MHxPC130218867,3,2,17.48,0.0,0.1,Needs Foundation Support,Steady Progressor
MHxPC130103474,3,3,11.286666666666667,0.0,0.0,Needs Foundation Support,Steady Progressor
MHxPC130147265,1,1,17.59,0.0,0.0,Needs Foundation Support,At-Risk Learner
MHxPC130200280,1,1,16.96,0.0,0.0,Needs Foundation Support,At-Risk Learner
MHxPC130550216,1,1,16.72,0.0,0.0,Needs Foundation Support,At-Risk Learner
MHxPC130538558,1,1,3.25,0.0,0.0,Needs Foundation Support,At-Risk Learner
MHxPC130125123,1,1,32.28,0.0,0.0,Needs Foundation Support,Casual Explorer
MHxPC130074267,1,1,12.23,0.0,0.0,Needs Foundation Support,At-Risk Learner
MHxPC130056166,1,1,0.0,0.0,0.0,Needs Foundation Support,At-Risk Learner
MHxPC130218018,2,1,15.785,0.0,0.0,Needs Foundation Support,At-Risk Learner
MHxPC130515144,2,1,20.12,0.0,0.0,Needs Foundation Support,Casual Explorer
MHxPC130371900,1,1,10.33,0.0,0.0,Needs Foundation Support,At-Risk Learner
MHxPC130093088,1,1,15.05,0.0,0.0,Needs Foundation Support,At-Risk Learner
MHxPC130501490,1,1,22.69,0.0,0.0,Needs Foundation Support,Casual Explorer
MHxPC130048060,1,1,55.96,0.0,3.2,Needs Foundation Support,Casual Explorer
MHxPC130108518,1,1,65.57,1.0,100.0,Ready for Advanced,High Achiever
MHxPC130466542,1,1,4.96,0.0,0.0,Needs Foundation Support,At-Risk Learner
MHxPC130129031,3,2,17.12,0.0,0.0,Needs Foundation Support,Steady Progressor
MHxPC130385740,1,1,28.73,0.0,0.2,Needs Foundation Support,Casual Explorer
MHxPC130480178,1,1,18.0,0.0,0.0,Needs Foundation Support,At-Risk Learner
MHxPC130515942,2,2,11.585,0.0,0.0,Needs Foundation Support,At-Risk Learner
MHxPC130217354,1,1,66.67,1.0,100.0,Ready for Advanced,High Achiever
MHxPC130374996,1,1,0.0,0.0,0.0,Needs Foundation Support,At-Risk Learner
MHxPC130298940,1,1,18.85,0.0,0.0,Needs Foundation Support,At-Risk Learner
MHxPC130268960,1,1,2.67,0.0,0.0,Needs Foundation Support,At-Risk Learner
MHxPC130320426,3,3,7.506666666666668,0.0,0.0,Needs Foundation Support,Steady Progressor
MHxPC130294893,1,1,23.31,0.0,0.0,Needs Foundation Support,Casual Explorer
MHxPC130080675,2,1,22.245,0.0,0.2,Needs Foundation Support,Casual Explorer
MHxPC130439921,1,1,29.91,0.0,0.0,Needs Foundation Support,Casual Explorer
MHxPC130564729,2,1,9.29,0.0,0.0,Needs Foundation Support,At-Risk Learner
MHxPC130418959,1,1,2.67,0.0,0.0,Needs Foundation Support,At-Risk Learner
MHxPC130536522,1,1,4.96,0.0,0.0,Needs Foundation Support,At-Risk Learner
MHxPC130057515,1,1,2.67,0.0,0.0,Needs Foundation Support,At-Risk Learner
MHxPC130364831,1,1,2.67,0.0,0.0,Needs Foundation Support,At-Risk Learner
MHxPC130579100,1,1,23.2,0.0,0.0,Needs Foundation Support,Casual Explorer
MHxPC130212919,1,1,0.0,0.0,0.0,Needs Foundation Support,At-Risk Learner
MHxPC130036197,1,1,13.39,0.0,0.0,Needs Foundation Support,At-Risk Learner
MHxPC130060962,2,2,9.54,0.0,0.0,Needs Foundation Support,At-Risk Learner
MHxPC130114842,2,1,13.895,0.0,0.5,Needs Foundation Support,At-Risk Learner
MHxPC130167831,1,1,29.21,0.0,0.3,Needs Foundation Support,Casual Explorer
MHxPC130291261,1,1,24.92,0.0,0.0,Needs Foundation Support,Casual Explorer
MHxPC130268585,1,1,25.4,0.0,0.0,Needs Foundation Support,Casual Explorer
MHxPC130206000,2,1,13.73,0.0,0.0,Needs Foundation Support,At-Risk Learner
MHxPC130338132,1,1,12.04,0.0,0.0,Needs Foundation Support,At-Risk Learner
MHxPC130568090,1,1,0.0,0.0,0.0,Needs Foundation Support,At-Risk Learner
MHxPC130031799,2,1,29.605,0.5,49.9,Building Readiness,High Achiever
MHxPC130596560,1,1,22.57,0.0,0.0,Needs Foundation Support,Casual Explorer
MHxPC130271801,1,1,2.67,0.0,0.0,Needs Foundation Support,At-Risk Learner
MHxPC130461591,3,2,3.3066666666666666,0.0,0.0,Needs Foundation Support,Steady Progressor
MHxPC130339831,1,1,12.23,0.0,0.0,Needs Foundation Support,At-Risk Learner
MHxPC130544068,1,1,47.36,0.0,1.2,Needs Foundation Support,Casual Explorer
MHxPC130416503,2,2,18.025,0.0,0.0,Needs Foundation Support,At-Risk Learner
MHxPC130005130,1,1,2.67,0.0,0.0,Needs Foundation Support,At-Risk Learner
MHxPC130427788,1,1,0.0,0.0,0.0,Needs Foundation Support,At-Risk Learner
MHxPC130027845,1,1,5.96,0.0,0.0,Needs Foundation Support,At-Risk Learner
MHxPC130039474,1,1,28.11,0.0,0.1,Needs Foundation Support,Casual Explorer
MHxPC130057084,1,1,0.0,0.0,0.0,Needs Foundation Support,At-Risk Learner
MHxPC130339152,1,1,13.44,0.0,0.0,Needs Foundation Support,At-Risk Learner
MHxPC130506636,1,1,42.81,0.0,0.0,Needs Foundation Support,Casual Explorer
MHxPC130149517,1,1,38.78,0.0,0.0,Needs Foundation Support,Casual Explorer
MHxPC130398802,1,1,29.44,0.0,0.0,Needs Foundation Support,Casual Explorer
MHxPC130164879,1,1,54.09,0.0,5.3,Needs Foundation Support,Casual Explorer
MHxPC130218710,1,1,15.21,0.0,0.0,Needs Foundation Support,At-Risk Learner
MHxPC130119555,1,1,7.13,0.0,0.0,Needs Foundation Support,At-Risk Learner
MHxPC130193382,2,2,14.15,0.0,0.0,Needs Foundation Support,At-Risk Learner
MHxPC130561673,1,1,25.07,0.0,0.0,Needs Foundation Support,Casual Explorer
MHxPC130031623,1,1,14.94,0.0,0.0,Needs Foundation Support,At-Risk Learner
MHxPC130477876,1,1,13.44,0.0,0.0,Needs Foundation Support,At-Risk Learner
MHxPC130318356,1,1,6.2,0.0,0.0,Needs Foundation Support,At-Risk Learner
MHxPC130481657,1,1,61.84,1.0,99.9,Ready for Advanced,High Achiever
MHxPC130511651,1,1,5.96,0.0,0.0,Needs Foundation Support,At-Risk Learner
MHxPC130431930,1,1,21.93,0.0,0.0,Needs Foundation Support,Casual Explorer
MHxPC130176827,1,1,4.96,0.0,0.0,Needs Foundation Support,At-Risk Learner
MHxPC130129329,1,1,11.04,0.0,0.0,Needs Foundation Support,At-Risk Learner
MHxPC130008360,1,1,0.0,0.0,0.0,Needs Foundation Support,At-Risk Learner
MHxPC130235601,1,1,5.96,0.0,0.0,Needs Foundation Support,At-Risk Learner
MHxPC130375913,1,1,25.9,0.0,1.5,Needs Foundation Support,Casual Explorer
MHxPC130348037,1,1,4.23,0.0,0.0,Needs Foundation Support,At-Risk Learner
MHxPC130331220,1,1,29.2,0.0,0.0,Needs Foundation Support,Casual Explorer
MHxPC130400976,1,1,11.05,0.0,0.0,Needs Foundation Support,At-Risk Learner
MHxPC130584997,1,1,28.95,0.0,0.4,Needs Foundation Support,Casual Explorer
MHxPC130202555,1,1,18.4,0.0,0.0,Needs Foundation Support,At-Risk Learner
MHxPC130550090,1,1,0.0,0.0,0.0,Needs Foundation Support,At-Risk Learner
MHxPC130498041,4,4,15.185,0.25,25.2,Needs Foundation Support,Steady Progressor
MHxPC130567852,1,1,2.67,0.0,0.0,Needs Foundation Support,At-Risk Learner
MHxPC130478985,2,2,19.185000000000002,0.0,0.0,Needs Foundation Support,Casual Explorer
MHxPC130152954,1,1,4.96,0.0,0.0,Needs Foundation Support,At-Risk Learner
MHxPC130095521,1,1,12.42,0.0,0.0,Needs Foundation Support,At-Risk Learner
MHxPC130456319,1,1,39.33,0.0,3.2,Needs Foundation Support,Casual Explorer
MHxPC130377966,1,1,4.96,0.0,0.0,Needs Foundation Support,At-Risk Learner
MHxPC130493621,1,1,14.29,0.0,0.0,Needs Foundation Support,At-Risk Learner
MHxPC130100125,1,1,4.23,0.0,0.0,Needs Foundation Support,At-Risk Learner
MHxPC130177802,1,1,6.66,0.0,0.0,Needs Foundation Support,At-Risk Learner
MHxPC130350940,2,1,46.955,0.5,50.7,Building Readiness,High Achiever
MHxPC130043874,1,1,17.99,0.0,0.0,Needs Foundation Support,At-Risk Learner
MHxPC130279338,1,1,20.93,0.0,0.0,Needs Foundation Support,Casual Explorer
MHxPC130509778,2,2,10.13,0.0,0.0,Needs Foundation Support,At-Risk Learner
MHxPC130077627,1,1,11.54,0.0,0.0,Needs Foundation Support,At-Risk Learner
MHxPC130334150,2,2,3.815,0.0,0.0,Needs Foundation Support,At-Risk Learner
MHxPC130492268,1,1,0.0,0.0,0.0,Needs Foundation Support,At-Risk Learner
MHxPC130037037,3,2,15.01,0.0,0.0,Needs Foundation Support,Steady Progressor
MHxPC130503848,1,1,2.67,0.0,0.0,Needs Foundation Support,At-Risk Learner
MHxPC130105205,1,1,45.02,0.0,0.0,Needs Foundation Support,Casual Explorer
MHxPC130577789,3,2,2.736666666666667,0.0,0.0,Needs Foundation Support,Steady Progressor
MHxPC130147609,1,1,2.67,0.0,0.0,Needs Foundation Support,At-Risk Learner
MHxPC130365823,2,2,11.73,0.0,0.0,Needs Foundation Support,At-Risk Learner
MHxPC130104285,2,2,7.59,0.0,0.0,Needs Foundation Support,At-Risk Learner
MHxPC130518609,1,1,63.68,1.0,99.9,Ready for Advanced,High Achiever
MHxPC130353278,1,1,2.67,0.0,0.0,Needs Foundation Support,At-Risk Learner
MHxPC130379988,1,1,3.25,0.0,0.0,Needs Foundation Support,At-Risk Learner
MHxPC130314484,1,1,43.13,0.0,0.0,Needs Foundation Support,Casual Explorer
MHxPC130499521,1,1,24.75,0.0,0.0,Needs Foundation Support,Casual Explorer
MHxPC130238782,1,1,22.26,0.0,0.0,Needs Foundation Support,Casual Explorer
MHxPC130126534,1,1,28.29,0.0,0.0,Needs Foundation Support,Casual Explorer
MHxPC130332798,1,1,0.0,0.0,0.0,Needs Foundation Support,At-Risk Learner
MHxPC130057787,2,1,31.57,0.0,2.0,Needs Foundation Support,Casual Explorer
MHxPC130572757,1,1,0.0,0.0,0.0,Needs Foundation Support,At-Risk Learner
MHxPC130577359,1,1,30.07,0.0,0.1,Needs Foundation Support,Casual Explorer
MHxPC130160273,2,2,13.454999999999998,0.0,0.0,Needs Foundation Support,At-Risk Learner
MHxPC130336656,1,1,17.99,0.0,0.0,Needs Foundation Support,At-Risk Learner
MHxPC130491948,1,1,31.56,0.0,0.0,Needs Foundation Support,Casual Explorer
MHxPC130408361,1,1,51.48,0.0,1.1,Needs Foundation Support,Casual Explorer
MHxPC130231976,1,1,26.44,0.0,0.0,Needs Foundation Support,Casual Explorer
MHxPC130467346,1,1,15.05,0.0,0.0,Needs Foundation Support,At-Risk Learner
MHxPC130545255,1,1,25.02,0.0,0.0,Needs Foundation Support,Casual Explorer
MHxPC130147258,1,1,12.79,0.0,0.0,Needs Foundation Support,At-Risk Learner
MHxPC130023802,1,1,0.0,0.0,0.0,Needs Foundation Support,At-Risk Learner
MHxPC130316319,1,1,0.0,0.0,0.0,Needs Foundation Support,At-Risk Learner
MHxPC130519096,1,1,27.57,0.0,0.0,Needs Foundation Support,Casual Explorer
MHxPC130232587,1,1,27.5,0.0,0.0,Needs Foundation Support,Casual Explorer
MHxPC130467327,1,1,15.07,0.0,0.0,Needs Foundation Support,At-Risk Learner
MHxPC130121254,2,2,33.125,0.5,49.9,Building Readiness,High Achiever
MHxPC130471243,1,1,4.96,0.0,0.0,Needs Foundation Support,At-Risk Learner
MHxPC130553676,1,1,12.54,0.0,0.0,Needs Foundation Support,At-Risk Learner
MHxPC130536840,1,1,5.96,0.0,0.0,Needs Foundation Support,At-Risk Learner
MHxPC130209415,2,1,9.205,0.0,0.0,Needs Foundation Support,At-Risk Learner
MHxPC130534572,1,1,5.96,0.0,0.0,Needs Foundation Support,At-Risk Learner
MHxPC130534738,2,2,19.17,0.0,0.0,Needs Foundation Support,Casual Explorer
MHxPC130268292,3,2,3.0700000000000003,0.0,0.0,Needs Foundation Support,Steady Progressor
MHxPC130352972,2,1,17.205,0.0,0.0,Needs Foundation Support,At-Risk Learner
MHxPC130117165,1,1,4.96,0.0,0.0,Needs Foundation Support,At-Risk Learner
MHxPC130137646,1,1,10.71,0.0,0.0,Needs Foundation Support,At-Risk Learner
MHxPC130145067,1,1,65.49,1.0,99.9,Ready for Advanced,High Achiever
MHxPC130376137,1,1,2.67,0.0,0.0,Needs Foundation Support,At-Risk Learner
MHxPC130290894,1,1,17.41,0.0,0.0,Needs Foundation Support,At-Risk Learner
MHxPC130140247,1,1,0.0,0.0,0.0,Needs Foundation Support,At-Risk Learner
MHxPC130483381,2,1,14.05,0.0,0.0,Needs Foundation Support,At-Risk Learner
MHxPC130296681,1,1,5.96,0.0,0.0,Needs Foundation Support,At-Risk Learner
MHxPC130564374,1,1,42.46,0.0,0.0,Needs Foundation Support,Casual Explorer
MHxPC130382769,1,1,13.94,0.0,0.0,Needs Foundation Support,At-Risk Learner
MHxPC130309194,1,1,22.11,0.0,0.0,Needs Foundation Support,Casual Explorer
MHxPC130333910,1,1,0.0,0.0,0.0,Needs Foundation Support,At-Risk Learner
MHxPC130118179,2,2,4.105,0.0,0.0,Needs Foundation Support,At-Risk Learner
MHxPC130554245,1,1,0.0,0.0,0.0,Needs Foundation Support,At-Risk Learner
MHxPC130176934,1,1,6.66,0.0,0.0,Needs Foundation Support,At-Risk Learner
MHxPC130070607,4,4,14.32,0.0,0.0,Needs Foundation Support,Steady Progressor
MHxPC130561216,1,1,6.66,0.0,0.0,Needs Foundation Support,At-Risk Learner
MHxPC130225396,1,1,4.96,0.0,0.0,Needs Foundation Support,At-Risk Learner
MHxPC130175052,1,1,4.96,0.0,0.0,Needs Foundation Support,At-Risk Learner
MHxPC130342346,1,1,2.67,0.0,0.0,Needs Foundation Support,At-Risk Learner
MHxPC130035978,2,2,44.91,0.5,49.2,Building Readiness,High Achiever
MHxPC130369850,1,1,26.48,0.0,0.0,Needs Foundation Support,Casual Explorer
MHxPC130408141,3,3,8.12,0.0,0.0,Needs Foundation Support,Steady Progressor
MHxPC130256817,1,1,4.96,0.0,0.0,Needs Foundation Support,At-Risk Learner
MHxPC130190423,1,1,13.73,0.0,0.0,Needs Foundation Support,At-Risk Learner
MHxPC130337116,1,1,13.84,0.0,0.0,Needs Foundation Support,At-Risk Learner
MHxPC130225393,1,1,12.74,0.0,0.0,Needs Foundation Support,At-Risk Learner
MHxPC130429997,1,1,2.67,0.0,0.0,Needs Foundation Support,At-Risk Learner
MHxPC130455199,2,2,14.545,0.0,0.0,Needs Foundation Support,At-Risk Learner
MHxPC130583055,1,1,63.66,0.0,3.8,Needs Foundation Support,Casual Explorer
MHxPC130054721,2,1,3.93,0.0,0.0,Needs Foundation Support,At-Risk Learner
MHxPC130515722,2,2,30.29,0.0,2.1,Needs Foundation Support,Casual Explorer
MHxPC130065410,1,1,25.18,0.0,0.0,Needs Foundation Support,Casual Explorer
MHxPC130349716,1,1,26.17,0.0,0.0,Needs Foundation Support,Casual Explorer
MHxPC130091492,1,1,0.0,0.0,0.0,Needs Foundation Support,At-Risk Learner
MHxPC130580163,1,1,24.87,0.0,0.0,Needs Foundation Support,Casual Explorer
MHxPC130089529,2,2,8.785,0.0,0.0,Needs Foundation Support,At-Risk Learner
MHxPC130147008,1,1,25.57,0.0,0.0,Needs Foundation Support,Casual Explorer
MHxPC130581823,2,2,9.595,0.0,0.0,Needs Foundation Support,At-Risk Learner
MHxPC130274972,1,1,4.23,0.0,0.0,Needs Foundation Support,At-Risk Learner
MHxPC130533301,2,1,22.585,0.0,0.0,Needs Foundation Support,Casual Explorer
MHxPC130382728,4,3,8.325,0.0,0.0,Needs Foundation Support,Steady Progressor
MHxPC130104531,3,2,11.926666666666668,0.0,0.0,Needs Foundation Support,Steady Progressor
MHxPC130403777,2,2,16.575,0.0,1.2,Needs Foundation Support,At-Risk Learner
MHxPC130315274,1,1,35.06,0.0,0.0,Needs Foundation Support,Casual Explorer
MHxPC130010076,1,1,0.0,0.0,0.0,Needs Foundation Support,At-Risk Learner
MHxPC130412660,1,1,50.66,0.0,2.3,Needs Foundation Support,Casual Explorer
MHxPC130304619,1,1,0.0,0.0,0.0,Needs Foundation Support,At-Risk Learner
MHxPC130140165,2,1,13.57,0.0,0.0,Needs Foundation Support,At-Risk Learner
MHxPC130175304,1,1,28.63,0.0,0.0,Needs Foundation Support,Casual Explorer
MHxPC130222917,1,1,0.0,0.0,0.0,Needs Foundation Support,At-Risk Learner
MHxPC130156990,1,1,13.53,0.0,0.0,Needs Foundation Support,At-Risk Learner
MHxPC130264235,1,1,17.35,0.0,0.0,Needs Foundation Support,At-Risk Learner
MHxPC130415133,1,1,35.1,0.0,0.1,Needs Foundation Support,Casual Explorer
MHxPC130342176,1,1,8.57,0.0,0.0,Needs Foundation Support,At-Risk Learner
MHxPC130561528,1,1,8.63,0.0,0.0,Needs Foundation Support,At-Risk Learner
MHxPC130167862,1,1,2.67,0.0,0.0,Needs Foundation Support,At-Risk Learner
MHxPC130432899,1,1,0.0,0.0,0.0,Needs Foundation Support,At-Risk Learner
MHxPC130088472,1,1,10.19,0.0,0.0,Needs Foundation Support,At-Risk Learner
MHxPC130069833,1,1,30.7,0.0,0.0,Needs Foundation Support,Casual Explorer
MHxPC130134355,1,1,36.35,0.0,0.0,Needs Foundation Support,Casual Explorer
MHxPC130387112,3,2,9.243333333333334,0.0,0.0,Needs Foundation Support,Steady Progressor
MHxPC130039167,1,1,0.0,0.0,0.0,Needs Foundation Support,At-Risk Learner
MHxPC130488962,1,1,27.69,0.0,0.0,Needs Foundation Support,Casual Explorer
MHxPC130154732,1,1,23.24,0.0,0.1,Needs Foundation Support,Casual Explorer
MHxPC130057789,1,1,8.63,0.0,0.0,Needs Foundation Support,At-Risk Learner
MHxPC130594518,1,1,6.66,0.0,0.0,Needs Foundation Support,At-Risk Learner
MHxPC130137202,1,1,4.96,0.0,0.0,Needs Foundation Support,At-Risk Learner
MHxPC130248154,1,1,4.23,0.0,0.0,Needs Foundation Support,At-Risk Learner
MHxPC130230246,2,2,14.145,0.0,0.0,Needs Foundation Support,At-Risk Learner
MHxPC130001944,1,1,13.98,0.0,0.0,Needs Foundation Support,At-Risk Learner
MHxPC130235717,1,1,19.02,0.0,0.0,Needs Foundation Support,At-Risk Learner
MHxPC130219872,2,2,0.0,0.0,0.0,Needs Foundation Support,At-Risk Learner
MHxPC130570243,1,1,27.25,0.0,0.0,Needs Foundation Support,Casual Explorer
MHxPC130005212,1,1,22.69,0.0,0.0,Needs Foundation Support,Casual Explorer
MHxPC130136104,1,1,30.36,0.0,0.1,Needs Foundation Support,Casual Explorer
MHxPC130075555,1,1,5.34,0.0,0.0,Needs Foundation Support,At-Risk Learner
MHxPC130448379,1,1,10.33,0.0,0.0,Needs Foundation Support,At-Risk Learner
MHxPC130301431,2,1,19.805,0.0,0.0,Needs Foundation Support,Casual Explorer
MHxPC130225476,2,1,2.98,0.0,0.0,Needs Foundation Support,At-Risk Learner
MHxPC130246723,1,1,0.0,0.0,0.0,Needs Foundation Support,At-Risk Learner
MHxPC130060963,1,1,6.66,0.0,0.0,Needs Foundation Support,At-Risk Learner
MHxPC130253121,1,1,5.96,0.0,0.0,Needs Foundation Support,At-Risk Learner
MHxPC130412489,4,3,27.1225,0.0,0.0,Needs Foundation Support,Steady Progressor
MHxPC130578048,1,1,4.23,0.0,0.0,Needs Foundation Support,At-Risk Learner
MHxPC130583560,1,1,4.96,0.0,0.0,Needs Foundation Support,At-Risk Learner
MHxPC130089708,4,4,15.3825,0.0,0.0,Needs Foundation Support,Steady Progressor
MHxPC130022390,1,1,19.98,0.0,0.0,Needs Foundation Support,Casual Explorer
MHxPC130523135,1,1,4.96,0.0,0.0,Needs Foundation Support,At-Risk Learner
MHxPC130001265,2,1,13.555,0.0,0.0,Needs Foundation Support,At-Risk Learner
MHxPC130182196,1,1,0.0,0.0,0.0,Needs Foundation Support,At-Risk Learner
MHxPC130017683,1,1,5.34,0.0,0.0,Needs Foundation Support,At-Risk Learner
MHxPC130111465,1,1,24.81,0.0,2.7,Needs Foundation Support,Casual Explorer
MHxPC130380047,1,1,21.05,0.0,0.0,Needs Foundation Support,Casual Explorer
MHxPC130243564,1,1,17.74,0.0,0.0,Needs Foundation Support,At-Risk Learner
MHxPC130143533,1,1,13.6,0.0,0.0,Needs Foundation Support,At-Risk Learner
MHxPC130316230,1,1,43.26,0.0,0.0,Needs Foundation Support,Casual Explorer
MHxPC130531313,1,1,4.96,0.0,0.0,Needs Foundation Support,At-Risk Learner
MHxPC130160287,2,1,0.0,0.0,0.0,Needs Foundation Support,At-Risk Learner
MHxPC130523098,1,1,3.25,0.0,0.0,Needs Foundation Support,At-Risk Learner
MHxPC130460952,1,1,26.79,0.0,0.0,Needs Foundation Support,Casual Explorer
MHxPC130464633,1,1,42.69,0.0,0.0,Needs Foundation Support,Casual Explorer
MHxPC130435699,1,1,19.55,0.0,0.0,Needs Foundation Support,Casual Explorer
MHxPC130138954,3,2,22.666666666666668,0.0,0.0,Needs Foundation Support,Steady Progressor
MHxPC130501122,2,2,10.96,0.0,0.0,Needs Foundation Support,At-Risk Learner
MHxPC130457460,1,1,30.13,0.0,0.0,Needs Foundation Support,Casual Explorer
MHxPC130567042,3,2,22.273333333333337,0.0,0.0,Needs Foundation Support,Steady Progressor
MHxPC130542941,5,3,12.456,0.0,0.0,Needs Foundation Support,Steady Progressor
MHxPC130225725,2,1,21.02,0.0,0.0,Needs Foundation Support,Casual Explorer
MHxPC130230545,2,2,11.72,0.0,0.0,Needs Foundation Support,At-Risk Learner
MHxPC130408489,1,1,19.88,0.0,0.0,Needs Foundation Support,Casual Explorer
MHxPC130408942,1,1,19.09,0.0,0.0,Needs Foundation Support,Casual Explorer
MHxPC130478990,4,3,14.1225,0.0,0.0,Needs Foundation Support,Steady Progressor
MHxPC130145973,1,1,26.76,0.0,0.0,Needs Foundation Support,Casual Explorer
MHxPC130339702,1,1,15.71,0.0,0.0,Needs Foundation Support,At-Risk Learner
MHxPC130519489,1,1,20.81,0.0,0.0,Needs Foundation Support,Casual Explorer
MHxPC130537804,1,1,32.39,0.0,3.5,Needs Foundation Support,Casual Explorer
MHxPC130183780,1,1,4.96,0.0,0.0,Needs Foundation Support,At-Risk Learner
MHxPC130587486,3,2,3.3066666666666666,0.0,0.0,Needs Foundation Support,Steady Progressor
MHxPC130521406,2,1,46.73,0.5,51.0,Building Readiness,High Achiever
MHxPC130464790,1,1,4.96,0.0,0.0,Needs Foundation Support,At-Risk Learner
MHxPC130567674,1,1,40.39,0.0,0.0,Needs Foundation Support,Casual Explorer
MHxPC130324159,1,1,4.23,0.0,0.0,Needs Foundation Support,At-Risk Learner
MHxPC130592511,1,1,0.0,0.0,0.0,Needs Foundation Support,At-Risk Learner
MHxPC130516287,1,1,16.8,0.0,0.0,Needs Foundation Support,At-Risk Learner
MHxPC130307102,1,1,28.88,0.0,0.0,Needs Foundation Support,Casual Explorer
MHxPC130366805,1,1,5.96,0.0,0.0,Needs Foundation Support,At-Risk Learner
MHxPC130444781,2,2,12.325000000000001,0.0,0.0,Needs Foundation Support,At-Risk Learner
MHxPC130092097,2,2,1.335,0.0,0.0,Needs Foundation Support,At-Risk Learner
MHxPC130035204,1,1,28.49,0.0,0.0,Needs Foundation Support,Casual Explorer
MHxPC130350921,1,1,28.2,0.0,0.0,Needs Foundation Support,Casual Explorer
MHxPC130065105,1,1,23.54,0.0,0.0,Needs Foundation Support,Casual Explorer
MHxPC130364633,2,2,19.915,0.0,0.0,Needs Foundation Support,Casual Explorer
MHxPC130100094,1,1,4.96,0.0,0.0,Needs Foundation Support,At-Risk Learner
MHxPC130225978,1,1,26.2,0.0,0.5,Needs Foundation Support,Casual Explorer
MHxPC130460452,1,1,2.67,0.0,0.0,Needs Foundation Support,At-Risk Learner
MHxPC130192665,1,1,2.67,0.0,0.0,Needs Foundation Support,At-Risk Learner
MHxPC130458123,1,1,31.54,0.0,0.0,Needs Foundation Support,Casual Explorer
MHxPC130330573,1,1,0.0,0.0,0.0,Needs Foundation Support,At-Risk Learner
MHxPC130191043,2,1,0.0,0.0,0.0,Needs Foundation Support,At-Risk Learner
MHxPC130197690,1,1,9.88,0.0,0.0,Needs Foundation Support,At-Risk Learner
MHxPC130054121,2,1,35.445,0.5,49.8,Building Readiness,High Achiever
MHxPC130060315,2,2,40.05,0.0,0.5,Needs Foundation Support,Casual Explorer
MHxPC130056352,1,1,19.19,0.0,0.0,Needs Foundation Support,Casual Explorer
MHxPC130378864,1,1,2.67,0.0,0.0,Needs Foundation Support,At-Risk Learner
MHxPC130205632,2,2,7.79,0.0,0.0,Needs Foundation Support,At-Risk Learner
MHxPC130110743,1,1,2.67,0.0,0.0,Needs Foundation Support,At-Risk Learner
MHxPC130581573,1,1,2.67,0.0,0.0,Needs Foundation Support,At-Risk Learner
MHxPC130471350,1,1,33.76,1.0,99.3,Ready for Advanced,High Achiever
MHxPC130317236,1,1,30.06,0.0,0.5,Needs Foundation Support,Casual Explorer
MHxPC130387443,1,1,7.21,0.0,0.0,Needs Foundation Support,At-Risk Learner
MHxPC130111971,4,3,32.8275,0.25,26.2,Needs Foundation Support,Steady Progressor
MHxPC130502284,1,1,11.92,0.0,0.0,Needs Foundation Support,At-Risk Learner
MHxPC130143205,1,1,27.14,0.0,0.0,Needs Foundation Support,Casual Explorer
MHxPC130315434,1,1,0.0,0.0,0.0,Needs Foundation Support,At-Risk Learner
MHxPC130421232,1,1,22.59,0.0,0.0,Needs Foundation Support,Casual Explorer
MHxPC130312587,1,1,11.04,0.0,0.0,Needs Foundation Support,At-Risk Learner
MHxPC130407822,1,1,38.79,0.0,0.0,Needs Foundation Support,Casual Explorer
MHxPC130466310,1,1,18.85,0.0,0.0,Needs Foundation Support,At-Risk Learner
MHxPC130049362,1,1,0.0,0.0,0.0,Needs Foundation Support,At-Risk Learner
MHxPC130262338,1,1,11.05,0.0,0.0,Needs Foundation Support,At-Risk Learner
MHxPC130552709,1,1,0.0,0.0,0.0,Needs Foundation Support,At-Risk Learner
MHxPC130204500,1,1,13.6,0.0,0.0,Needs Foundation Support,At-Risk Learner
MHxPC130020029,1,1,26.77,0.0,0.0,Needs Foundation Support,Casual Explorer
MHxPC130522326,1,1,31.79,0.0,0.0,Needs Foundation Support,Casual Explorer
MHxPC130273042,1,1,5.96,0.0,0.0,Needs Foundation Support,At-Risk Learner
MHxPC130387352,1,1,0.0,0.0,0.0,Needs Foundation Support,At-Risk Learner
MHxPC130251602,1,1,8.37,0.0,0.0,Needs Foundation Support,At-Risk Learner
MHxPC130359194,2,1,2.48,0.0,0.0,Needs Foundation Support,At-Risk Learner
MHxPC130481089,1,1,0.0,0.0,0.0,Needs Foundation Support,At-Risk Learner
MHxPC130513736,2,2,16.48,0.0,0.2,Needs Foundation Support,At-Risk Learner
MHxPC130294940,1,1,30.55,0.0,1.9,Needs Foundation Support,Casual Explorer
MHxPC130351788,2,2,1.335,0.0,0.0,Needs Foundation Support,At-Risk Learner
MHxPC130167820,1,1,53.85,0.0,5.3,Needs Foundation Support,Casual Explorer
MHxPC130226876,2,2,31.96,0.5,49.1,Building Readiness,High Achiever
MHxPC130378372,1,1,47.42,1.0,99.9,Ready for Advanced,High Achiever
MHxPC130132696,1,1,4.96,0.0,0.0,Needs Foundation Support,At-Risk Learner
MHxPC130326256,1,1,5.96,0.0,0.0,Needs Foundation Support,At-Risk Learner
MHxPC130138056,1,1,0.0,0.0,0.0,Needs Foundation Support,At-Risk Learner
MHxPC130016822,1,1,0.0,0.0,0.0,Needs Foundation Support,At-Risk Learner
MHxPC130531604,1,1,0.0,0.0,0.0,Needs Foundation Support,At-Risk Learner
MHxPC130476413,1,1,12.61,0.0,0.0,Needs Foundation Support,At-Risk Learner
MHxPC130248488,1,1,25.17,0.0,0.0,Needs Foundation Support,Casual Explorer
MHxPC130589720,3,2,4.53,0.0,0.0,Needs Foundation Support,Steady Progressor
MHxPC130356436,1,1,11.59,0.0,0.0,Needs Foundation Support,At-Risk Learner
MHxPC130062587,1,1,2.67,0.0,0.0,Needs Foundation Support,At-Risk Learner
MHxPC130184680,1,1,15.09,0.0,0.0,Needs Foundation Support,At-Risk Learner
MHxPC130190521,3,3,0.0,0.0,0.0,Needs Foundation Support,Steady Progressor
MHxPC130505672,1,1,60.7,1.0,99.9,Ready for Advanced,High Achiever
MHxPC130482812,1,1,33.2,0.0,0.1,Needs Foundation Support,Casual Explorer
MHxPC130447581,1,1,18.11,0.0,0.0,Needs Foundation Support,At-Risk Learner
MHxPC130302404,2,1,10.98,0.0,0.0,Needs Foundation Support,At-Risk Learner
MHxPC130304251,1,1,14.1,0.0,0.0,Needs Foundation Support,At-Risk Learner
MHxPC130226060,1,1,14.92,0.0,0.0,Needs Foundation Support,At-Risk Learner
MHxPC130124095,3,3,5.96,0.0,0.0,Needs Foundation Support,Steady Progressor
MHxPC130050081,1,1,2.67,0.0,0.0,Needs Foundation Support,At-Risk Learner
MHxPC130171117,3,3,4.723333333333334,0.0,0.0,Needs Foundation Support,Steady Progressor
MHxPC130252991,1,1,0.0,0.0,0.0,Needs Foundation Support,At-Risk Learner
MHxPC130089898,1,1,44.8,0.0,4.6,Needs Foundation Support,Casual Explorer
MHxPC130466651,1,1,11.04,0.0,0.0,Needs Foundation Support,At-Risk Learner
MHxPC130294218,3,3,34.906666666666666,0.0,0.1,Needs Foundation Support,Steady Progressor
MHxPC130185846,1,1,18.01,0.0,0.0,Needs Foundation Support,At-Risk Learner
MHxPC130274071,1,1,31.97,0.0,0.7,Needs Foundation Support,Casual Explorer
MHxPC130455227,1,1,10.46,0.0,0.0,Needs Foundation Support,At-Risk Learner
MHxPC130572694,1,1,3.25,0.0,0.0,Needs Foundation Support,At-Risk Learner
MHxPC130432303,1,1,51.22,1.0,99.9,Ready for Advanced,High Achiever
MHxPC130347008,1,1,13.03,0.0,0.0,Needs Foundation Support,At-Risk Learner
MHxPC130420739,2,1,17.535,0.0,0.0,Needs Foundation Support,At-Risk Learner
MHxPC130305979,1,1,20.24,0.0,0.0,Needs Foundation Support,Casual Explorer
MHxPC130216662,1,1,0.0,0.0,0.0,Needs Foundation Support,At-Risk Learner
MHxPC130123266,2,2,27.475,0.0,0.0,Needs Foundation Support,Casual Explorer
MHxPC130281659,1,1,40.99,0.0,3.7,Needs Foundation Support,Casual Explorer
MHxPC130012269,1,1,23.46,0.0,0.0,Needs Foundation Support,Casual Explorer
MHxPC130205922,1,1,0.0,0.0,0.0,Needs Foundation Support,At-Risk Learner
MHxPC130037587,1,1,4.96,0.0,0.0,Needs Foundation Support,At-Risk Learner
MHxPC130125897,4,4,36.04,0.0,1.5,Needs Foundation Support,Steady Progressor
MHxPC130538468,1,1,9.15,0.0,0.0,Needs Foundation Support,At-Risk Learner
MHxPC130052949,2,2,26.915,0.0,0.0,Needs Foundation Support,Casual Explorer
MHxPC130503604,1,1,25.28,0.0,0.0,Needs Foundation Support,Casual Explorer
MHxPC130062015,3,3,30.813333333333333,0.0,1.0,Needs Foundation Support,Steady Progressor
MHxPC130374370,1,1,59.84,0.0,3.5,Needs Foundation Support,Casual Explorer
MHxPC130302869,2,2,15.09,0.0,0.0,Needs Foundation Support,At-Risk Learner
MHxPC130115426,1,1,10.19,0.0,0.0,Needs Foundation Support,At-Risk Learner
MHxPC130502280,7,3,35.221428571428575,0.0,1.3,Needs Foundation Support,Steady Progressor
MHxPC130516224,1,1,4.96,0.0,0.0,Needs Foundation Support,At-Risk Learner
MHxPC130073236,1,1,24.8,0.0,0.0,Needs Foundation Support,Casual Explorer
MHxPC130197696,1,1,18.86,0.0,0.0,Needs Foundation Support,At-Risk Learner
MHxPC130108402,3,2,8.729999999999999,0.0,0.0,Needs Foundation Support,Steady Progressor
MHxPC130248642,1,1,3.25,0.0,0.0,Needs Foundation Support,At-Risk Learner
MHxPC130139113,2,1,2.48,0.0,0.0,Needs Foundation Support,At-Risk Learner
MHxPC130391684,1,1,5.34,0.0,0.0,Needs Foundation Support,At-Risk Learner
MHxPC130454892,1,1,0.0,0.0,0.0,Needs Foundation Support,At-Risk Learner
MHxPC130152266,3,2,16.19,0.0,0.0,Needs Foundation Support,Steady Progressor
MHxPC130529849,2,1,23.295,0.0,0.0,Needs Foundation Support,Casual Explorer
MHxPC130484463,1,1,5.96,0.0,0.0,Needs Foundation Support,At-Risk Learner
MHxPC130433811,1,1,21.56,0.0,0.0,Needs Foundation Support,Casual Explorer
MHxPC130043846,1,1,5.96,0.0,0.0,Needs Foundation Support,At-Risk Learner
MHxPC130573701,1,1,6.66,0.0,0.0,Needs Foundation Support,At-Risk Learner
MHxPC130513486,1,1,33.6,0.0,1.0,Needs Foundation Support,Casual Explorer
MHxPC130020709,1,1,0.0,0.0,0.0,Needs Foundation Support,At-Risk Learner
MHxPC130572790,1,1,21.78,0.0,0.0,Needs Foundation Support,Casual Explorer
MHxPC130116102,1,1,2.67,0.0,0.0,Needs Foundation Support,At-Risk Learner
MHxPC130269178,1,1,0.0,0.0,0.0,Needs Foundation Support,At-Risk Learner
MHxPC130037382,1,1,0.0,0.0,0.0,Needs Foundation Support,At-Risk Learner
MHxPC130120824,1,1,30.85,0.0,0.1,Needs Foundation Support,Casual Explorer
MHxPC130171753,1,1,4.23,0.0,0.0,Needs Foundation Support,At-Risk Learner
MHxPC130201240,1,1,37.88,0.0,0.0,Needs Foundation Support,Casual Explorer
MHxPC130410044,2,2,6.3100000000000005,0.0,0.0,Needs Foundation Support,At-Risk Learner
MHxPC130191470,1,1,0.0,0.0,0.0,Needs Foundation Support,At-Risk Learner
MHxPC130028809,1,1,23.76,0.0,0.6,Needs Foundation Support,Casual Explorer
MHxPC130357749,1,1,14.1,0.0,0.0,Needs Foundation Support,At-Risk Learner
MHxPC130391768,1,1,4.96,0.0,0.0,Needs Foundation Support,At-Risk Learner
MHxPC130218633,1,1,34.2,0.0,0.2,Needs Foundation Support,Casual Explorer
MHxPC130142530,2,2,28.060000000000002,0.0,0.0,Needs Foundation Support,Casual Explorer
MHxPC130397753,1,1,4.96,0.0,0.0,Needs Foundation Support,At-Risk Learner
MHxPC130551822,1,1,3.25,0.0,0.0,Needs Foundation Support,At-Risk Learner
MHxPC130062193,1,1,19.46,0.0,0.0,Needs Foundation Support,Casual Explorer
MHxPC130073891,1,1,49.02,0.0,4.7,Needs Foundation Support,Casual Explorer
MHxPC130515092,1,1,18.1,0.0,0.0,Needs Foundation Support,At-Risk Learner
MHxPC130148141,1,1,2.67,0.0,0.0,Needs Foundation Support,At-Risk Learner
MHxPC130143084,1,1,31.41,0.0,0.0,Needs Foundation Support,Casual Explorer
MHxPC130177768,1,1,24.02,0.0,0.0,Needs Foundation Support,Casual Explorer
MHxPC130583507,1,1,11.62,0.0,0.0,Needs Foundation Support,At-Risk Learner
MHxPC130269644,1,1,59.34,1.0,99.8,Ready for Advanced,High Achiever
MHxPC130164215,2,2,34.21,0.5,50.0,Building Readiness,High Achiever
MHxPC130217261,1,1,47.19,0.0,0.0,Needs Foundation Support,Casual Explorer
MHxPC130452113,1,1,4.96,0.0,0.0,Needs Foundation Support,At-Risk Learner
MHxPC130402600,1,1,0.0,0.0,0.0,Needs Foundation Support,At-Risk Learner
MHxPC130498262,1,1,17.4,0.0,0.0,Needs Foundation Support,At-Risk Learner
MHxPC130114207,1,1,20.79,0.0,0.0,Needs Foundation Support,Casual Explorer
MHxPC130176805,1,1,0.0,0.0,0.0,Needs Foundation Support,At-Risk Learner
MHxPC130175757,1,1,60.33,1.0,99.7,Ready for Advanced,High Achiever
MHxPC130472981,1,1,40.07,0.0,0.0,Needs Foundation Support,Casual Explorer
MHxPC130355834,1,1,11.29,0.0,0.0,Needs Foundation Support,At-Risk Learner
MHxPC130154787,1,1,5.34,0.0,0.0,Needs Foundation Support,At-Risk Learner
MHxPC130295117,1,1,2.67,0.0,0.0,Needs Foundation Support,At-Risk Learner
MHxPC130040171,2,2,17.505,0.0,0.0,Needs Foundation Support,At-Risk Learner
MHxPC130169115,1,1,5.34,0.0,0.0,Needs Foundation Support,At-Risk Learner
MHxPC130260728,1,1,7.66,0.0,0.0,Needs Foundation Support,At-Risk Learner
MHxPC130009160,1,1,6.66,0.0,0.0,Needs Foundation Support,At-Risk Learner
MHxPC130315184,1,1,0.0,0.0,0.0,Needs Foundation Support,At-Risk Learner
MHxPC130363603,2,2,2.98,0.0,0.0,Needs Foundation Support,At-Risk Learner
MHxPC130258818,1,1,4.96,0.0,0.0,Needs Foundation Support,At-Risk Learner
MHxPC130112645,1,1,2.67,0.0,0.0,Needs Foundation Support,At-Risk Learner
MHxPC130542041,1,1,25.36,0.0,0.0,Needs Foundation Support,Casual Explorer
MHxPC130351237,1,1,6.66,0.0,0.0,Needs Foundation Support,At-Risk Learner
MHxPC130320631,4,3,5.725,0.0,0.0,Needs Foundation Support,Steady Progressor
MHxPC130021484,1,1,28.25,0.0,0.0,Needs Foundation Support,Casual Explorer
MHxPC130563856,1,1,15.09,0.0,0.0,Needs Foundation Support,At-Risk Learner
MHxPC130449626,1,1,0.0,0.0,0.0,Needs Foundation Support,At-Risk Learner
MHxPC130454732,2,2,7.4350000000000005,0.0,0.0,Needs Foundation Support,At-Risk Learner
MHxPC130197148,1,1,3.25,0.0,0.0,Needs Foundation Support,At-Risk Learner
MHxPC130044321,1,1,10.74,0.0,0.0,Needs Foundation Support,At-Risk Learner
MHxPC130526574,1,1,6.66,0.0,0.0,Needs Foundation Support,At-Risk Learner
MHxPC130128721,1,1,10.91,0.0,0.0,Needs Foundation Support,At-Risk Learner
MHxPC130136558,1,1,22.84,0.0,0.0,Needs Foundation Support,Casual Explorer
MHxPC130574854,1,1,38.8,0.0,0.2,Needs Foundation Support,Casual Explorer
MHxPC130266938,2,1,9.225000000000001,0.0,0.0,Needs Foundation Support,At-Risk Learner
MHxPC130422109,1,1,14.62,0.0,0.0,Needs Foundation Support,At-Risk Learner
MHxPC130147130,1,1,5.96,0.0,0.0,Needs Foundation Support,At-Risk Learner
MHxPC130572539,2,2,3.74,0.0,0.0,Needs Foundation Support,At-Risk Learner
MHxPC130565472,5,4,9.916,0.0,0.0,Needs Foundation Support,Steady Progressor
MHxPC130021995,1,1,0.0,0.0,0.0,Needs Foundation Support,At-Risk Learner
MHxPC130523181,1,1,28.95,0.0,0.0,Needs Foundation Support,Casual Explorer
MHxPC130513902,1,1,27.63,0.0,0.3,Needs Foundation Support,Casual Explorer
MHxPC130032166,1,1,0.0,0.0,0.0,Needs Foundation Support,At-Risk Learner
MHxPC130092193,1,1,25.49,0.0,0.0,Needs Foundation Support,Casual Explorer
MHxPC130124821,1,1,25.43,0.0,0.0,Needs Foundation Support,Casual Explorer
MHxPC130487056,1,1,6.91,0.0,0.0,Needs Foundation Support,At-Risk Learner
MHxPC130329173,1,1,7.21,0.0,0.0,Needs Foundation Support,At-Risk Learner
MHxPC130118009,1,1,31.89,0.0,0.1,Needs Foundation Support,Casual Explorer
MHxPC130244434,1,1,35.5,0.0,0.1,Needs Foundation Support,Casual Explorer
MHxPC130239698,3,2,34.85666666666666,0.0,2.4,Needs Foundation Support,Steady Progressor
MHxPC130004183,1,1,37.03,0.0,0.0,Needs Foundation Support,Casual Explorer
MHxPC130037866,1,1,2.67,0.0,0.0,Needs Foundation Support,At-Risk Learner
MHxPC130280414,3,2,21.933333333333334,0.0,0.0,Needs Foundation Support,Steady Progressor
MHxPC130531152,1,1,2.67,0.0,0.0,Needs Foundation Support,At-Risk Learner
MHxPC130191927,1,1,4.23,0.0,0.0,Needs Foundation Support,At-Risk Learner
MHxPC130446220,4,3,17.225,0.0,0.0,Needs Foundation Support,Steady Progressor
MHxPC130176495,1,1,2.67,0.0,0.0,Needs Foundation Support,At-Risk Learner
MHxPC130039439,1,1,4.96,0.0,0.0,Needs Foundation Support,At-Risk Learner
MHxPC130043060,3,2,30.570000000000004,0.333,33.3,Needs Foundation Support,High Achiever
MHxPC130141705,1,1,4.96,0.0,0.0,Needs Foundation Support,At-Risk Learner
MHxPC130458719,1,1,0.0,0.0,0.0,Needs Foundation Support,At-Risk Learner
MHxPC130096600,1,1,4.96,0.0,0.0,Needs Foundation Support,At-Risk Learner
MHxPC130301268,2,2,1.625,0.0,0.0,Needs Foundation Support,At-Risk Learner
MHxPC130115384,1,1,0.0,0.0,0.0,Needs Foundation Support,At-Risk Learner
MHxPC130424255,2,2,12.625,0.0,0.0,Needs Foundation Support,At-Risk Learner
MHxPC130389120,3,3,14.75,0.0,0.0,Needs Foundation Support,Steady Progressor
MHxPC130390048,1,1,0.0,0.0,0.0,Needs Foundation Support,At-Risk Learner
MHxPC130597328,1,1,5.34,0.0,0.0,Needs Foundation Support,At-Risk Learner
MHxPC130053227,1,1,0.0,0.0,0.0,Needs Foundation Support,At-Risk Learner
MHxPC130332111,1,1,6.66,0.0,0.0,Needs Foundation Support,At-Risk Learner
MHxPC130101087,1,1,22.5,0.0,0.1,Needs Foundation Support,Casual Explorer
MHxPC130300164,3,2,10.949999999999998,0.0,0.0,Needs Foundation Support,Steady Progressor
MHxPC130011519,2,1,25.305,0.0,0.3,Needs Foundation Support,Casual Explorer
MHxPC130005830,1,1,23.71,0.0,0.0,Needs Foundation Support,Casual Explorer
MHxPC130161420,1,1,32.63,0.0,0.1,Needs Foundation Support,Casual Explorer
MHxPC130234072,1,1,14.1,0.0,0.0,Needs Foundation Support,At-Risk Learner
MHxPC130548614,1,1,2.67,0.0,0.0,Needs Foundation Support,At-Risk Learner
MHxPC130036317,2,2,24.494999999999997,0.0,0.0,Needs Foundation Support,Casual Explorer
MHxPC130590207,1,1,32.22,0.0,0.0,Needs Foundation Support,Casual Explorer
MHxPC130148615,1,1,4.23,0.0,0.0,Needs Foundation Support,At-Risk Learner
MHxPC130232696,1,1,28.29,0.0,0.0,Needs Foundation Support,Casual Explorer
MHxPC130242132,1,1,27.78,0.0,72.0,Ready for Advanced,Casual Explorer
MHxPC130237755,1,1,4.96,0.0,0.0,Needs Foundation Support,At-Risk Learner
MHxPC130108364,2,1,22.385,0.0,0.0,Needs Foundation Support,Casual Explorer
MHxPC130184568,1,1,0.0,0.0,0.0,Needs Foundation Support,At-Risk Learner
MHxPC130449259,1,1,44.75,0.0,1.3,Needs Foundation Support,Casual Explorer
MHxPC130548594,1,1,4.96,0.0,0.0,Needs Foundation Support,At-Risk Learner
MHxPC130522566,1,1,5.96,0.0,0.0,Needs Foundation Support,At-Risk Learner
MHxPC130401115,1,1,23.68,0.0,0.0,Needs Foundation Support,Casual Explorer
MHxPC130325735,1,1,0.0,0.0,0.0,Needs Foundation Support,At-Risk Learner
MHxPC130291764,1,1,4.96,0.0,0.0,Needs Foundation Support,At-Risk Learner
MHxPC130508773,3,3,9.486666666666666,0.0,0.0,Needs Foundation Support,Steady Progressor
MHxPC130093011,1,1,42.4,0.0,0.0,Needs Foundation Support,Casual Explorer
MHxPC130346239,2,2,28.22,0.0,0.0,Needs Foundation Support,Casual Explorer
MHxPC130046057,3,3,18.65,0.0,0.0,Needs Foundation Support,Steady Progressor
MHxPC130494071,1,1,13.49,0.0,0.0,Needs Foundation Support,At-Risk Learner
MHxPC130387537,1,1,19.51,0.0,0.0,Needs Foundation Support,Casual Explorer
MHxPC130529716,1,1,15.52,0.0,0.0,Needs Foundation Support,At-Risk Learner
MHxPC130095054,1,1,7.21,0.0,0.0,Needs Foundation Support,At-Risk Learner
MHxPC130329156,1,1,19.35,0.0,0.0,Needs Foundation Support,Casual Explorer
MHxPC130346460,1,1,2.67,0.0,0.0,Needs Foundation Support,At-Risk Learner
MHxPC130284016,1,1,37.9,0.0,0.1,Needs Foundation Support,Casual Explorer
MHxPC130564486,1,1,7.21,0.0,0.0,Needs Foundation Support,At-Risk Learner
MHxPC130311787,1,1,4.23,0.0,0.0,Needs Foundation Support,At-Risk Learner
MHxPC130010170,1,1,4.96,0.0,0.0,Needs Foundation Support,At-Risk Learner
MHxPC130513260,1,1,7.21,0.0,0.0,Needs Foundation Support,At-Risk Learner
MHxPC130586270,1,1,41.07,0.0,3.0,Needs Foundation Support,Casual Explorer
MHxPC130162396,1,1,4.96,0.0,0.0,Needs Foundation Support,At-Risk Learner
MHxPC130081103,2,2,47.26,1.0,99.6,Ready for Advanced,High Achiever
MHxPC130292667,1,1,2.67,0.0,0.0,Needs Foundation Support,At-Risk Learner
MHxPC130285724,1,1,32.87,0.0,0.0,Needs Foundation Support,Casual Explorer
MHxPC130038348,1,1,29.74,1.0,99.1,Ready for Advanced,High Achiever
MHxPC130516662,1,1,68.89,1.0,100.0,Ready for Advanced,High Achiever
MHxPC130398536,1,1,49.81,0.0,0.3,Needs Foundation Support,Casual Explorer
MHxPC130406252,1,1,0.0,0.0,0.0,Needs Foundation Support,At-Risk Learner
MHxPC130476001,1,1,2.67,0.0,0.0,Needs Foundation Support,At-Risk Learner
MHxPC130232357,2,2,13.335,0.0,0.0,Needs Foundation Support,At-Risk Learner
MHxPC130330219,1,1,5.96,0.0,0.0,Needs Foundation Support,At-Risk Learner
MHxPC130149418,1,1,16.74,0.0,0.0,Needs Foundation Support,At-Risk Learner
MHxPC130380562,1,1,2.67,0.0,0.0,Needs Foundation Support,At-Risk Learner
MHxPC130297076,2,2,18.935,0.0,0.1,Needs Foundation Support,Casual Explorer
MHxPC130424842,1,1,23.76,0.0,0.0,Needs Foundation Support,Casual Explorer
MHxPC130285708,1,1,2.67,0.0,0.0,Needs Foundation Support,At-Risk Learner
MHxPC130122021,2,2,9.66,0.0,0.0,Needs Foundation Support,At-Risk Learner
MHxPC130470082,3,3,9.020000000000001,0.0,0.0,Needs Foundation Support,Steady Progressor
MHxPC130051438,1,1,4.23,0.0,0.0,Needs Foundation Support,At-Risk Learner
MHxPC130471769,2,1,2.48,0.0,0.0,Needs Foundation Support,At-Risk Learner
MHxPC130234352,1,1,6.91,0.0,0.0,Needs Foundation Support,At-Risk Learner
MHxPC130154292,1,1,57.41,1.0,99.5,Ready for Advanced,High Achiever
MHxPC130251746,1,1,0.0,0.0,0.0,Needs Foundation Support,At-Risk Learner
MHxPC130362683,2,1,8.115,0.0,0.0,Needs Foundation Support,At-Risk Learner
MHxPC130024245,1,1,37.84,0.0,0.0,Needs Foundation Support,Casual Explorer
MHxPC130562873,1,1,15.8,0.0,0.0,Needs Foundation Support,At-Risk Learner
MHxPC130164593,1,1,8.63,0.0,0.0,Needs Foundation Support,At-Risk Learner
MHxPC130549857,1,1,4.23,0.0,0.0,Needs Foundation Support,At-Risk Learner
MHxPC130094450,1,1,0.0,0.0,0.0,Needs Foundation Support,At-Risk Learner
MHxPC130178098,1,1,14.58,0.0,0.0,Needs Foundation Support,At-Risk Learner
MHxPC130493583,1,1,13.5,0.0,0.0,Needs Foundation Support,At-Risk Learner
MHxPC130433716,1,1,0.0,0.0,0.0,Needs Foundation Support,At-Risk Learner
MHxPC130159819,1,1,0.0,0.0,0.0,Needs Foundation Support,At-Risk Learner
MHxPC130123620,1,1,13.23,0.0,0.0,Needs Foundation Support,At-Risk Learner
MHxPC130197882,1,1,28.36,0.0,2.8,Needs Foundation Support,Casual Explorer
MHxPC130330323,1,1,6.2,0.0,0.0,Needs Foundation Support,At-Risk Learner
MHxPC130266397,1,1,4.96,0.0,0.0,Needs Foundation Support,At-Risk Learner
MHxPC130149006,2,1,6.115,0.0,0.0,Needs Foundation Support,At-Risk Learner
MHxPC130533508,1,1,0.0,0.0,0.0,Needs Foundation Support,At-Risk Learner
MHxPC130083222,1,1,36.36,0.0,0.0,Needs Foundation Support,Casual Explorer
MHxPC130277996,1,1,16.08,0.0,0.0,Needs Foundation Support,At-Risk Learner
MHxPC130348681,2,1,22.020000000000003,0.0,0.0,Needs Foundation Support,Casual Explorer
MHxPC130370419,1,1,2.67,0.0,0.0,Needs Foundation Support,At-Risk Learner
MHxPC130056655,1,1,0.0,0.0,0.0,Needs Foundation Support,At-Risk Learner
MHxPC130175230,1,1,39.16,0.0,0.0,Needs Foundation Support,Casual Explorer
MHxPC130335768,1,1,10.33,0.0,0.0,Needs Foundation Support,At-Risk Learner
MHxPC130123444,1,1,26.15,0.0,0.0,Needs Foundation Support,Casual Explorer
MHxPC130118258,1,1,32.07,0.0,0.0,Needs Foundation Support,Casual Explorer
MHxPC130423742,1,1,54.25,1.0,99.5,Ready for Advanced,High Achiever
MHxPC130055603,1,1,35.28,0.0,0.2,Needs Foundation Support,Casual Explorer
MHxPC130152722,1,1,4.96,0.0,0.0,Needs Foundation Support,At-Risk Learner
MHxPC130300840,2,1,13.7,0.0,0.0,Needs Foundation Support,At-Risk Learner
MHxPC130235079,2,1,27.515,0.0,1.8,Needs Foundation Support,Casual Explorer
MHxPC130424273,1,1,47.95,0.0,0.8,Needs Foundation Support,Casual Explorer
MHxPC130431742,1,1,20.13,0.0,0.0,Needs Foundation Support,Casual Explorer
MHxPC130534784,3,2,4.956666666666667,0.0,0.0,Needs Foundation Support,Steady Progressor
MHxPC130172210,1,1,4.96,0.0,0.0,Needs Foundation Support,At-Risk Learner
MHxPC130393600,1,1,11.04,0.0,0.0,Needs Foundation Support,At-Risk Learner
MHxPC130346741,1,1,2.67,0.0,0.0,Needs Foundation Support,At-Risk Learner
MHxPC130489931,1,1,0.0,0.0,0.0,Needs Foundation Support,At-Risk Learner
MHxPC130390592,1,1,0.0,0.0,0.0,Needs Foundation Support,At-Risk Learner
MHxPC130429169,2,2,19.215,0.0,0.2,Needs Foundation Support,Casual Explorer
MHxPC130295787,3,2,5.056666666666667,0.0,0.0,Needs Foundation Support,Steady Progressor
MHxPC130561950,1,1,43.62,0.0,2.2,Needs Foundation Support,Casual Explorer
MHxPC130072797,3,2,8.88,0.0,0.0,Needs Foundation Support,Steady Progressor
MHxPC130443765,2,2,28.83,0.5,49.8,Building Readiness,High Achiever
MHxPC130219529,1,1,4.96,0.0,0.0,Needs Foundation Support,At-Risk Learner
MHxPC130117379,1,1,4.23,0.0,0.0,Needs Foundation Support,At-Risk Learner
MHxPC130053238,1,1,0.0,0.0,0.0,Needs Foundation Support,At-Risk Learner
MHxPC130274930,1,1,33.24,0.0,0.1,Needs Foundation Support,Casual Explorer
MHxPC130031012,2,2,11.435,0.0,0.0,Needs Foundation Support,At-Risk Learner
MHxPC130497391,1,1,0.0,0.0,0.0,Needs Foundation Support,At-Risk Learner
MHxPC130091747,3,2,11.87,0.0,0.0,Needs Foundation Support,Steady Progressor
MHxPC130314664,1,1,4.96,0.0,0.0,Needs Foundation Support,At-Risk Learner
MHxPC130559056,2,1,26.085,0.0,0.2,Needs Foundation Support,Casual Explorer
MHxPC130427829,4,4,8.7425,0.0,0.0,Needs Foundation Support,Steady Progressor
MHxPC130580570,4,3,9.54,0.0,0.0,Needs Foundation Support,Steady Progressor
MHxPC130368236,1,1,43.75,0.0,1.9,Needs Foundation Support,Casual Explorer
MHxPC130211451,1,1,5.96,0.0,0.0,Needs Foundation Support,At-Risk Learner
MHxPC130301849,1,1,23.47,0.0,0.0,Needs Foundation Support,Casual Explorer
MHxPC130470940,1,1,13.39,0.0,0.0,Needs Foundation Support,At-Risk Learner
MHxPC130381453,1,1,37.94,0.0,0.0,Needs Foundation Support,Casual Explorer
MHxPC130220941,1,1,10.33,0.0,0.0,Needs Foundation Support,At-Risk Learner
MHxPC130352806,1,1,27.0,0.0,0.0,Needs Foundation Support,Casual Explorer
MHxPC130085455,2,2,16.66,0.0,0.0,Needs Foundation Support,At-Risk Learner
MHxPC130175674,1,1,2.67,0.0,0.0,Needs Foundation Support,At-Risk Learner
MHxPC130115590,3,3,21.016666666666666,0.0,2.0,Needs Foundation Support,Steady Progressor
MHxPC130004752,1,1,22.77,0.0,0.0,Needs Foundation Support,Casual Explorer
MHxPC130358659,1,1,22.88,0.0,0.0,Needs Foundation Support,Casual Explorer
MHxPC130389749,1,1,26.87,0.0,0.3,Needs Foundation Support,Casual Explorer
MHxPC130179822,1,1,4.96,0.0,0.0,Needs Foundation Support,At-Risk Learner
MHxPC130402784,1,1,35.85,0.0,0.0,Needs Foundation Support,Casual Explorer
MHxPC130323724,1,1,5.96,0.0,0.0,Needs Foundation Support,At-Risk Learner
MHxPC130573421,1,1,15.14,0.0,0.0,Needs Foundation Support,At-Risk Learner
MHxPC130564875,1,1,3.25,0.0,0.0,Needs Foundation Support,At-Risk Learner
MHxPC130543890,1,1,19.94,0.0,0.0,Needs Foundation Support,Casual Explorer
MHxPC130223513,1,1,35.12,0.0,0.0,Needs Foundation Support,Casual Explorer
MHxPC130507332,4,3,18.155,0.0,0.0,Needs Foundation Support,Steady Progressor
MHxPC130152417,1,1,23.25,0.0,0.0,Needs Foundation Support,Casual Explorer
MHxPC130504870,1,1,7.63,0.0,0.0,Needs Foundation Support,At-Risk Learner
MHxPC130103552,1,1,22.77,0.0,0.0,Needs Foundation Support,Casual Explorer
MHxPC130589217,1,1,4.96,0.0,0.0,Needs Foundation Support,At-Risk Learner
MHxPC130034728,1,1,5.96,0.0,0.0,Needs Foundation Support,At-Risk Learner
MHxPC130373713,1,1,5.96,0.0,0.0,Needs Foundation Support,At-Risk Learner
MHxPC130381456,1,1,5.34,0.0,0.0,Needs Foundation Support,At-Risk Learner
MHxPC130043583,1,1,10.33,0.0,0.0,Needs Foundation Support,At-Risk Learner
MHxPC130274175,2,1,2.98,0.0,0.0,Needs Foundation Support,At-Risk Learner
MHxPC130131641,2,2,21.1,0.0,0.0,Needs Foundation Support,Casual Explorer
MHxPC130139268,1,1,20.86,0.0,0.0,Needs Foundation Support,Casual Explorer
MHxPC130396948,1,1,30.39,0.0,0.0,Needs Foundation Support,Casual Explorer
MHxPC130573805,1,1,2.67,0.0,0.0,Needs Foundation Support,At-Risk Learner
MHxPC130117531,2,2,11.32,0.0,0.0,Needs Foundation Support,At-Risk Learner
MHxPC130479551,3,3,2.1666666666666665,0.0,0.0,Needs Foundation Support,Steady Progressor
MHxPC130326013,1,1,4.23,0.0,0.0,Needs Foundation Support,At-Risk Learner
MHxPC130567477,1,1,4.96,0.0,0.0,Needs Foundation Support,At-Risk Learner
MHxPC130200864,1,1,0.0,0.0,0.0,Needs Foundation Support,At-Risk Learner
MHxPC130325161,1,1,20.1,0.0,0.2,Needs Foundation Support,Casual Explorer
MHxPC130581763,1,1,14.14,0.0,0.0,Needs Foundation Support,At-Risk Learner
MHxPC130381862,1,1,15.16,0.0,0.0,Needs Foundation Support,At-Risk Learner
MHxPC130040184,2,1,0.0,0.0,0.0,Needs Foundation Support,At-Risk Learner
MHxPC130096090,1,1,12.12,0.0,0.0,Needs Foundation Support,At-Risk Learner
MHxPC130588794,2,2,4.96,0.0,0.0,Needs Foundation Support,At-Risk Learner
MHxPC130502786,2,2,23.78,0.0,0.0,Needs Foundation Support,Casual Explorer
MHxPC130589578,1,1,3.25,0.0,0.0,Needs Foundation Support,At-Risk Learner
MHxPC130009260,1,1,5.34,0.0,0.0,Needs Foundation Support,At-Risk Learner
MHxPC130325883,2,2,25.42,0.0,0.0,Needs Foundation Support,Casual Explorer
MHxPC130135120,1,1,11.04,0.0,0.0,Needs Foundation Support,At-Risk Learner
MHxPC130511421,1,1,8.04,0.0,0.0,Needs Foundation Support,At-Risk Learner
MHxPC130017196,1,1,6.66,0.0,0.0,Needs Foundation Support,At-Risk Learner
MHxPC130190239,1,1,2.67,0.0,0.0,Needs Foundation Support,At-Risk Learner
MHxPC130243163,1,1,29.88,0.0,0.4,Needs Foundation Support,Casual Explorer
MHxPC130454726,1,1,7.21,0.0,0.0,Needs Foundation Support,At-Risk Learner
MHxPC130070437,2,1,13.935,0.0,0.0,Needs Foundation Support,At-Risk Learner
MHxPC130537993,2,2,35.19,0.0,3.8,Needs Foundation Support,Casual Explorer
MHxPC130270365,1,1,0.0,0.0,0.0,Needs Foundation Support,At-Risk Learner
MHxPC130479456,1,1,0.0,0.0,0.0,Needs Foundation Support,At-Risk Learner
MHxPC130169097,1,1,52.55,0.0,4.6,Needs Foundation Support,Casual Explorer
MHxPC130200844,1,1,2.67,0.0,0.0,Needs Foundation Support,At-Risk Learner
MHxPC130226152,2,2,2.48,0.0,0.0,Needs Foundation Support,At-Risk Learner
MHxPC130586982,1,1,48.21,0.0,0.0,Needs Foundation Support,Casual Explorer
MHxPC130200174,1,1,0.0,0.0,0.0,Needs Foundation Support,At-Risk Learner
MHxPC130105912,1,1,26.4,0.0,0.0,Needs Foundation Support,Casual Explorer
MHxPC130373646,1,1,5.34,0.0,0.0,Needs Foundation Support,At-Risk Learner
MHxPC130117679,1,1,2.67,0.0,0.0,Needs Foundation Support,At-Risk Learner
MHxPC130169777,3,3,21.316666666666666,0.0,0.0,Needs Foundation Support,Steady Progressor
MHxPC130292066,1,1,19.67,0.0,0.0,Needs Foundation Support,Casual Explorer
MHxPC130534167,1,1,14.65,0.0,0.0,Needs Foundation Support,At-Risk Learner
MHxPC130585061,2,1,20.76,0.0,0.0,Needs Foundation Support,Casual Explorer
MHxPC130169554,1,1,4.96,0.0,0.0,Needs Foundation Support,At-Risk Learner
MHxPC130347943,1,1,0.0,0.0,0.0,Needs Foundation Support,At-Risk Learner
MHxPC130006317,1,1,0.0,0.0,0.0,Needs Foundation Support,At-Risk Learner
MHxPC130362780,2,1,21.595,0.0,0.8,Needs Foundation Support,Casual Explorer
MHxPC130076028,1,1,28.94,0.0,0.0,Needs Foundation Support,Casual Explorer
MHxPC130246231,1,1,22.35,0.0,0.1,Needs Foundation Support,Casual Explorer
MHxPC130065707,1,1,2.67,0.0,0.0,Needs Foundation Support,At-Risk Learner
MHxPC130276327,2,2,11.895,0.0,0.0,Needs Foundation Support,At-Risk Learner
MHxPC130195915,2,1,2.48,0.0,0.0,Needs Foundation Support,At-Risk Learner
MHxPC130169089,1,1,36.76,0.0,0.0,Needs Foundation Support,Casual Explorer
MHxPC130099117,1,1,2.67,0.0,0.0,Needs Foundation Support,At-Risk Learner
MHxPC130042487,1,1,25.97,0.0,0.0,Needs Foundation Support,Casual Explorer
MHxPC130515907,1,1,5.96,0.0,0.0,Needs Foundation Support,At-Risk Learner
MHxPC130526662,1,1,11.62,0.0,0.0,Needs Foundation Support,At-Risk Learner
MHxPC130096598,5,2,6.2299999999999995,0.0,0.0,Needs Foundation Support,Steady Progressor
MHxPC130142906,1,1,37.84,0.0,0.2,Needs Foundation Support,Casual Explorer
MHxPC130302584,2,2,17.41,0.0,0.0,Needs Foundation Support,At-Risk Learner
MHxPC130415364,2,1,22.16,0.0,0.0,Needs Foundation Support,Casual Explorer
MHxPC130322665,1,1,18.85,0.0,0.0,Needs Foundation Support,At-Risk Learner
MHxPC130477198,1,1,0.0,0.0,0.0,Needs Foundation Support,At-Risk Learner
MHxPC130110015,1,1,18.9,0.0,0.0,Needs Foundation Support,Casual Explorer
MHxPC130411064,1,1,4.96,0.0,0.0,Needs Foundation Support,At-Risk Learner
MHxPC130300401,1,1,20.61,0.0,0.0,Needs Foundation Support,Casual Explorer
MHxPC130536135,1,1,17.2,0.0,0.0,Needs Foundation Support,At-Risk Learner
MHxPC130454566,4,4,6.522500000000001,0.0,0.0,Needs Foundation Support,Steady Progressor
MHxPC130112897,1,1,2.67,0.0,0.0,Needs Foundation Support,At-Risk Learner
MHxPC130067574,4,4,5.345,0.0,0.0,Needs Foundation Support,Steady Progressor
MHxPC130546191,1,1,3.25,0.0,0.0,Needs Foundation Support,At-Risk Learner
MHxPC130080439,1,1,25.85,0.0,0.0,Needs Foundation Support,Casual Explorer
MHxPC130127420,1,1,2.67,0.0,0.0,Needs Foundation Support,At-Risk Learner
MHxPC130029704,2,1,6.2,0.0,0.0,Needs Foundation Support,At-Risk Learner
MHxPC130055811,1,1,17.35,0.0,0.0,Needs Foundation Support,At-Risk Learner
MHxPC130240621,2,1,2.48,0.0,0.0,Needs Foundation Support,At-Risk Learner
MHxPC130367145,1,1,5.34,0.0,0.0,Needs Foundation Support,At-Risk Learner
MHxPC130057951,1,1,28.93,0.0,0.0,Needs Foundation Support,Casual Explorer
MHxPC130438003,4,3,8.23,0.0,0.0,Needs Foundation Support,Steady Progressor
MHxPC130249446,1,1,6.66,0.0,0.0,Needs Foundation Support,At-Risk Learner
MHxPC130248421,5,3,15.607999999999999,0.0,0.0,Needs Foundation Support,Steady Progressor
MHxPC130343938,1,1,2.67,0.0,0.0,Needs Foundation Support,At-Risk Learner
MHxPC130175508,3,3,23.076666666666664,0.0,0.0,Needs Foundation Support,Steady Progressor
MHxPC130459206,1,1,10.33,0.0,0.0,Needs Foundation Support,At-Risk Learner
MHxPC130107109,2,2,11.02,0.0,0.0,Needs Foundation Support,At-Risk Learner
MHxPC130229816,1,1,4.96,0.0,0.0,Needs Foundation Support,At-Risk Learner
MHxPC130365353,1,1,4.23,0.0,0.0,Needs Foundation Support,At-Risk Learner
MHxPC130501300,1,1,11.3,0.0,0.0,Needs Foundation Support,At-Risk Learner
MHxPC130210462,1,1,0.0,0.0,0.0,Needs Foundation Support,At-Risk Learner
MHxPC130451815,2,1,11.04,0.0,0.0,Needs Foundation Support,At-Risk Learner
MHxPC130340026,1,1,56.15,0.0,4.9,Needs Foundation Support,Casual Explorer
MHxPC130079792,3,3,13.979999999999999,0.0,0.0,Needs Foundation Support,Steady Progressor
MHxPC130017043,1,1,0.0,0.0,0.0,Needs Foundation Support,At-Risk Learner
MHxPC130319624,1,1,4.96,0.0,0.0,Needs Foundation Support,At-Risk Learner
MHxPC130192776,2,2,19.345,0.0,0.0,Needs Foundation Support,Casual Explorer
MHxPC130046357,1,1,19.99,0.0,0.0,Needs Foundation Support,Casual Explorer
MHxPC130211982,2,2,30.745,0.5,49.9,Building Readiness,High Achiever
MHxPC130031580,1,1,10.33,0.0,0.0,Needs Foundation Support,At-Risk Learner
MHxPC130424179,1,1,17.42,0.0,0.0,Needs Foundation Support,At-Risk Learner
MHxPC130265145,1,1,14.31,0.0,0.0,Needs Foundation Support,At-Risk Learner
MHxPC130150075,1,1,17.61,0.0,0.2,Needs Foundation Support,At-Risk Learner
MHxPC130506631,1,1,0.0,0.0,0.0,Needs Foundation Support,At-Risk Learner
MHxPC130502204,1,1,39.35,1.0,99.9,Ready for Advanced,High Achiever
MHxPC130581057,1,1,0.0,0.0,0.0,Needs Foundation Support,At-Risk Learner
MHxPC130342155,2,2,4.285,0.0,0.0,Needs Foundation Support,At-Risk Learner
MHxPC130533529,1,1,28.95,0.0,0.0,Needs Foundation Support,Casual Explorer
MHxPC130447091,1,1,18.42,0.0,0.0,Needs Foundation Support,At-Risk Learner
MHxPC130293023,1,1,71.07,1.0,100.0,Ready for Advanced,High Achiever
MHxPC130306616,1,1,4.23,0.0,0.0,Needs Foundation Support,At-Risk Learner
MHxPC130587991,1,1,4.96,0.0,0.0,Needs Foundation Support,At-Risk Learner
MHxPC130508900,1,1,0.0,0.0,0.0,Needs Foundation Support,At-Risk Learner
MHxPC130060074,1,1,32.83,0.0,1.0,Needs Foundation Support,Casual Explorer
MHxPC130237929,1,1,0.0,0.0,0.0,Needs Foundation Support,At-Risk Learner
MHxPC130053256,1,1,4.23,0.0,0.0,Needs Foundation Support,At-Risk Learner
MHxPC130034998,1,1,4.23,0.0,0.0,Needs Foundation Support,At-Risk Learner
MHxPC130036204,1,1,16.5,0.0,0.0,Needs Foundation Support,At-Risk Learner
